Username,Ranking,Reputation,All_Solved,Easy_Solved,Medium_Solved,Hard_Solved
Tima_,559948,0,247,51,109,87
sethles,77,533,3498,872,1894,732
user6150B,5000001,0,0,0,0,0
SyberCage,91351,2,667,139,364,164
VitVelloreCoder,2012618,-32,63,14,36,13
dancooper,2519,1,1844,533,996,315
reylevig2,5000001,0,0,0,0,0
deanna27,5000001,0,8,3,5,0
mod998244353,542223,15,253,82,134,37
ashishsutar1210,5421,55,1535,408,865,262
c8kbf,1220795,1,120,33,57,30
wa_magnet,99419,22,645,177,357,111
ayushverma3101,5000001,0,10,10,0,0
rudrapratap1,3898809,0,20,5,10,5
b03201008,8394,5,1379,323,772,284
gvamsikris,5000001,0,3,1,2,0
KyouMoKawaii,196994,15,475,126,236,113
charmanders,997452,3,149,42,72,35
dakshmv14,347094,0,345,90,196,59
EmKjp,103847,0,634,162,309,163
TakahiroKarasawa,2290358,0,51,10,31,10
sumanps,5000001,0,2,1,1,0
MizarHo,1154,0,2245,555,1186,504
killerlt,5000001,0,0,0,0,0
Mamba_Feng,2047,3,1946,606,1045,295
huanglanzhiguan,490,7,2684,603,1415,666
A_Pinterest_Employee,4810,34,1581,530,874,177
vinaypaibh,1217019,0,120,42,72,6
sashant78,5000001,0,2,2,0,0
Alekhya_Oruganti,806159,0,182,60,112,10
princes33,5000001,0,0,0,0,0
shubhambhadada7,99423,2,645,164,390,91
abdullahElkhteeb2002,181827,9,495,210,235,50
chung-kang,1384212,0,104,38,56,10
hellraiser666,8675,0,1368,508,689,171
watashi,107615,0,625,159,305,161
VS_Codes,46103,32,851,255,478,118
kolsarici,5000001,0,1,1,0,0
_kraut,4096,375,1641,214,844,583
cyclopaman,1021186,0,145,92,50,3
zyh9018,5000001,0,5,3,1,1
sureshs4188,5000001,0,4,3,0,1
SavinayPandey,583131,48,240,66,125,49
yrasik1986,5000001,0,9,9,0,0
manoj0606,9140,0,1350,402,704,244
aparikh756,5000001,0,0,0,0,0
steiner,892,91,2389,604,1259,526
polansky,1007863,0,147,51,76,20
dadboss,221182,0,447,166,217,64
sureshpsrj,1399705,0,102,98,4,0
furuyarei,1582122,0,88,11,42,35
papaya,1233,0,2208,500,1027,681
eilon,130317,65,576,154,283,139
Striker05,580080,0,241,65,123,53
superwesly123,2793,0,1794,677,887,230
doooo,5000001,0,0,0,0,0
Gaayuu,5000001,0,2,2,0,0
nibbas,128042,86,581,137,358,86
tungduong150105,1541228,4,91,27,42,22
smishra85,3565799,0,23,15,4,4
code_struck,1185,0,2234,494,1132,608
ctrlalt,26,0,3817,925,1989,903
cpcs,1,4740,3836,925,2004,907
NegativeIndex,6958,281,1445,227,637,581
mcc123,2961469,0,33,15,13,5
Davidoff,5000001,0,0,0,0,0
jiyeonnsong,3244852,0,28,24,4,0
solene,1134,8,2253,567,1141,545
manisharan_patel,2789090,0,37,32,5,0
AaryamanBhute,2332,1,1884,498,1043,343
seong4191,5000001,0,2,1,1,0
amiast,820401,0,180,49,94,37
xanderhuang,5000001,0,0,0,0,0
gandalf_grey,565800,0,245,105,135,5
sachin0102,45880,4,852,255,460,137
nakari1124,35069,0,929,231,526,172
Darkzone,5000001,0,0,0,0,0
secret_jc,470119,0,281,40,192,49
beginner1010,72368,-5,728,161,377,190
yogahmad,1461141,0,97,29,38,30
coderdhanraj,44095,56,863,253,441,169
Arnab37,1122134,0,132,33,71,28
11711675,5000001,0,0,0,0,0
3bkarm,216869,1,452,128,235,89
Thundervolt,124169,0,589,247,286,56
Nandhini_Dhinakaran,1497429,0,94,54,37,3
lagi_padi_hai,250166,2,418,125,242,51
datn2107,13419,12,1221,303,683,235
mncuchiinhuttt,1249073,0,117,43,62,12
ashanksingh1997,466057,2,283,61,113,109
ctzsm,44678,42,859,193,457,209
yurisantamarina,127395,8,582,173,327,82
magicwangqr,5000001,0,0,0,0,0
agnes_yinshi,3504962,0,24,17,7,0
datnguyen03,1358249,21,106,29,57,20
OTTFF,338,34,2892,714,1507,671
agrim07,123679,0,590,161,327,102
Sloth_junkie,47651,8,842,172,349,321
imcom,122496,0,592,88,96,408
WA_Automaton,1023812,0,145,36,69,40
hmatic,5000001,0,0,0,0,0
rio_90,1595969,4,87,21,44,22
WeiCheng666,5000001,0,0,0,0,0
TommyPang04,12898,1356,1234,269,747,218
k3232908,12848,8,1235,341,715,179
gcalegari,5000001,0,0,0,0,0
iilj,91305,0,667,169,370,128
ocden,5000001,0,0,0,0,0
goalboy,27,15,3817,924,1990,903
r_perez,52828,1,813,234,433,146
griffinmclennan,2338,29,1882,528,1016,338
ShaunDyson,6843,0,1451,447,570,434
A_Le_K,364,54,2856,711,1483,662
han3000,325992,51,358,73,202,83
zhaoyu121407,331720,0,354,107,177,70
Pranithaaa,3198234,0,29,25,4,0
user9412rh,5000001,0,0,0,0,0
PoIDZhenNanQu,5000001,0,0,0,0,0
przemysaw2,6353,409,1474,355,852,267
varsha_parth24,1078978,0,137,87,48,2
bragcat,91535,5,666,125,347,194
sathaye,5000001,0,5,3,2,0
Iamyxx,4416,8,1612,313,775,524
liuyinan,5000001,0,3,3,0,0
Abhi99999998,115638,0,607,68,337,202
swethaa2,5000001,0,7,6,1,0
Tatami,105004,5,631,156,358,117
muriegobal,5000001,0,0,0,0,0
Toototototo,5000001,0,0,0,0,0
peterrockwave,46047,0,851,232,478,141
Lilyflyinwind,811062,0,181,148,32,1
wx65,5000001,0,5,4,1,0
zarmi,5000001,0,8,2,5,1
MajesticAvocado,1845,0,1998,664,1102,232
serden,5000001,0,0,0,0,0
nasheedyasin,4128346,0,17,6,10,1
arpitdhangar9813,5000001,0,0,0,0,0
albaniliu,44839,0,858,204,476,178
user5542m,4362787,0,15,2,12,1
theeeeeeekhai,1984546,0,64,18,33,13
love_yoona,98592,4,647,183,410,54
Zonghao_Li,27966,1,996,288,518,190
HaiguangGe,5000001,0,0,0,0,0
Rook_Lift,96726,16,653,168,337,148
heroem,71666,6,731,334,315,82
williamo43210,5000001,0,0,0,0,0
egyptianprince2003,5000001,0,0,0,0,0
yunmengxianren,5000001,0,3,2,1,0
marmot0814,212861,0,456,121,254,81
yeongmoj94,883646,1,167,133,34,0
danio1024,2262429,0,52,28,24,0
DeepakSharma72,4974,47,1567,375,836,356
nivedita26,378543,0,326,141,161,24
ivankra,367862,16,332,78,188,66
yitanwang,557764,0,248,47,111,90
teamseshkuba,5000001,0,0,0,0,0
r-tron19,4338,152,1619,524,820,275
yge2,232729,0,435,96,240,99
mon0pole,198483,2,473,125,259,89
somade,5000001,0,1,0,1,0
juliany2,997479,0,149,45,78,26
manoflearning,1960807,0,65,16,34,15
bonejah,2628538,0,41,32,9,0
qian20,215418,0,453,126,265,62
sayannyaghosh,5000001,0,4,4,0,0
power1011,507152,0,266,33,107,126
Hustler2,1022877,7,145,41,77,27
justinwhill94,2778031,0,37,19,17,1
adityakumar09092021,128046,1,581,125,325,131
123GJWEQ2,12955,686,1233,311,664,258
tylerwang,20400,0,1089,263,579,247
notQueue,1126828,0,131,29,62,40
yatin_kwatra,4586,69,1598,381,822,395
tr1nity,1265,864,2198,697,1145,356
user7364T,5000001,0,1,0,1,0
vsdgfsgsfdhsgsd,30915,52,966,205,490,271
FlyawayTester85,16415,15,1157,335,606,216
avgstuboboge,2752435,0,38,10,18,10
prashant_kashyap9759,3158,42,1738,322,960,456
abhishekvanjani,33065,92,946,248,517,181
tornadoboxingvolcano,414635,72,307,89,168,50
songkai2012,5000001,0,0,0,0,0
leoltlaw,65947,24,753,202,435,116
nadermhanna,5000001,0,4,2,2,0
altcha,5000001,0,1,1,0,0
Fmindex,1853,21,1995,536,1113,346
Milman_generic,5000001,0,0,0,0,0
user6837V,4012589,0,18,11,7,0
leftshifted,2832,3,1787,465,1046,276
pingchungchang,108567,0,623,211,330,82
user1391Jq,5000001,0,0,0,0,0
cancui,5000001,0,1,1,0,0
st019,101136,0,641,136,382,123
jkq247,54390,0,805,161,410,234
user7454o,5000001,0,0,0,0,0
pavankumar5555,2478575,0,46,8,24,14
HIT_TOM,911422,0,162,35,88,39
shashwat_nayak,371787,0,330,87,185,58
fnwjkm,1383,48,2147,503,1152,492
wismer,1165248,0,126,34,71,21
cmagnemi,5000001,0,0,0,0,0
thesycat,14916,6,1187,316,616,255
felixhuang07,124477,192,588,221,270,97
yinqiaozhang,2166854,0,56,17,28,11
xs_pg,1627,2,2055,516,1074,465
Harasis_singh,4021177,0,18,8,9,1
svxvdp,25757,0,1018,272,585,161
paige3,2778188,0,37,32,5,0
qu1ck,23882,13,1042,276,571,195
olnyfcxwps,1453117,0,98,36,43,19
yubowenok,73151,0,725,164,383,178
LaSeineFirenze,28796,139,984,152,593,239
kai-chieh,96991,4,651,220,317,114
milomarsland,5000001,0,9,0,9,0
rishabhprasanna,8405,25,1379,338,742,299
Esteven,3657472,0,22,11,10,1
XORring-Samurai,442514,0,294,76,152,66
Altynai,623,0,2567,627,1297,643
d2intel,5000001,0,0,0,0,0
RaghuveerKajjam,5000001,0,0,0,0,0
bmaxey813,5000001,0,0,0,0,0
hybestever,1283566,0,113,47,59,7
Yuh_03,96690,1,652,151,363,138
DeadlyCritic,403044,0,313,76,183,54
chinesedfan,10973,2,1287,275,677,335
07dishwasherbob8,340250,7,349,95,179,75
warner1129,2792225,0,37,9,16,12
yvbhargav11,5000001,0,2,1,1,0
parthDOOM,99646,0,645,177,382,86
jianhualiu2,709426,39,204,53,121,30
Cipher_07,257849,276,412,78,234,100
aqxa2k,729270,44,200,66,101,33
KeiraSS,5000001,0,0,0,0,0
biharicoder,2088,293,1936,480,1046,410
eatcoc10,5360,31,1539,400,839,300
fpeterfalvi,3465,0,1702,418,944,340
pbmessi,1033,431,2306,605,1199,502
ashishssingh,1544552,0,90,24,65,1
MayankSavaliya,513481,0,264,70,128,66
jszqlew,309052,19,370,108,187,75
jasonch123,11867,0,1262,257,743,262
ll931110,1077849,3,137,43,66,28
RightHandElf,2702,227,1809,468,988,353
Zellon,21415,0,1075,177,648,250
Leonardo666,3120999,0,30,19,11,0
iowk,188947,0,485,114,254,117
XBB_HOME,43075,0,869,194,495,180
priyanjana,329390,0,356,202,137,17
rupnarayan001,22129,0,1065,331,570,164
ZihanWang98,701307,0,206,50,114,42
yuspy,1091502,0,136,28,65,43
Amitthaokar,5000001,0,0,0,0,0
pmnoxx,1931658,0,66,16,34,16
adityavkrm,10085,19,1316,307,715,294
MattTheNub,1859663,0,70,21,38,11
nikatamliani1,666925,0,215,55,101,59
abhilashlal,5000001,0,0,0,0,0
vanshcsingh,241681,10,426,133,232,61
AldyPy,48922,236,835,258,461,116
user2913Co,3747008,0,21,15,6,0
vmaksimo,1686493,18,80,19,48,13
sweetpotato2,2560,0,1837,453,974,410
KarimDylan,3292027,0,27,15,12,0
Guardian_Leetcode,124611,0,588,119,316,153
catinsidehat,1027558,0,144,23,93,28
touyou,3182151,0,29,24,5,0
hewhocodes,112719,0,614,203,338,73
chenyuguan10,913754,0,162,47,56,59
lixx2100,53220,4419,811,190,462,159
imjakechapman,2481744,1,45,38,7,0
heLeet,8599,11,1371,345,745,281
shik,231452,1,436,123,218,95
Naren123,5000001,0,0,0,0,0
user5575Xc,5000001,0,0,0,0,0
Conrad_123,1405,9,2141,495,1118,528
deltacancri,53626,12,809,225,429,155
nlnlnl,663480,0,216,48,110,58
devindip4,5000001,0,6,6,0,0
saikrishna17394,12337,0,1249,368,685,196
sarthak_293,269484,0,402,159,170,73
arnab_069,1363181,5,106,26,58,22
gaoqiaoheimu,238349,0,430,123,240,67
quyse,71152,0,733,176,399,158
khalil192,47232,53,844,211,480,153
AxeWithArrow,135390,0,567,104,354,109
MtSaka,884867,0,167,65,80,22
Yulian_Yarema,96683,1,652,320,225,107
looking_for_swe_internships,997637,0,149,29,71,49
icyphere,36946,70,914,221,494,199
temirulan,48600,1,836,249,464,123
Forget_LC,822,1,2438,589,1277,572
non_sense,53528,2,808,225,460,123
BossBobster,24821,7,1031,355,533,143
beyond_infinity,25524,23,1023,264,489,270
roaris,78381,1,707,168,396,143
clairesworld111,682396,0,211,50,102,59
jcirer,5000001,0,0,0,0,0
playingspent,129466,0,578,171,298,109
AdityaChawla2204,5000001,0,0,0,0,0
aryan_pundir,11815,1,1264,213,718,333
hruif,184400,0,491,149,248,94
gummz,5000001,0,6,1,1,4
Busity,5000001,0,0,0,0,0
waterdamagerepair,5000001,0,0,0,0,0
jonathansculley,3103,1,1744,500,939,305
sarahthr,5000001,0,0,0,0,0
leandrohiga,8518,0,1375,338,689,348
sedocirp,5000001,0,0,0,0,0
v_d_a,3663232,0,22,15,7,0
ChaouS,447968,1,291,69,166,56
USF-CS,365953,0,333,72,169,92
KerimKochekov,123486,0,590,489,80,21
pislbert,5000001,0,6,4,1,1
sparimy,5000001,0,0,0,0,0
samjack,212675,0,457,123,253,81
lxlck,5000001,0,2,2,0,0
wddd,7403,250,1422,323,764,335
adityaxkrishna,289019,0,386,102,230,54
ashwanthkannan,140127,18,558,130,270,158
meladrama,3420,22,1707,353,987,367
Tbeiko,5000001,0,5,4,0,1
s1613134,5000001,0,6,5,1,0
MarkovProcess,1962,7,1966,559,1045,362
sanmai_reddy377,136981,0,564,117,285,162
Bolaloon,2003378,0,63,19,32,12
jtea415,5000001,0,1,1,0,0
lotusblume,7431,2,1421,405,722,294
im_ironman_7,4154,12,1636,437,858,341
_DAle_,15899,442,1167,296,625,246
lolizmawtin,872573,0,169,56,100,13
mathbookpeace,5226,9,1548,425,835,288
yzzwgyf,559915,26,247,84,122,41
Roka,6114,493,1491,406,815,270
YCT,5000001,0,0,0,0,0
andreslel,191998,7,481,174,249,58
Akash_Hiremath,11375,-3,1276,404,747,125
ChickenTeeth,70283,0,736,203,427,106
meng-hsuan,243,0,3024,752,1579,693
programmer3824,1700237,0,80,15,48,17
btcmoon,20446,0,1089,249,600,240
samiksha_2105,247907,0,422,162,196,64
Limitless09,1012775,0,147,28,80,39
anurag,2415985,0,47,28,16,3
KakaHiguain,25157,580,1027,249,571,207
P2001,4959799,0,11,9,2,0
umang1975,2651,12,1820,508,1058,254
dmitry_ulyumdzhiev,35719,0,924,181,496,247
wisdompeak,124,213,3257,805,1732,720
QYHamster,1093966,0,135,35,64,36
rickqwertyiop,5000001,0,0,0,0,0
pentester,840931,-1,175,42,96,37
aminjonshermatov,3592,31,1690,461,954,275
Rainingcity,52661,178,814,185,462,167
ychzhou,360749,0,336,86,167,83
srinipolagani,5000001,0,0,0,0,0
chenhao4,323007,33,360,87,207,66
unolight,226623,0,441,82,224,135
yujie_sheng,5000001,0,0,0,0,0
Luiz_Doria,5000001,0,2,1,1,0
abd36,5000001,0,0,0,0,0
brthyyjp,18285,0,1124,316,554,254
opPO24,313290,0,367,163,150,54
naoya_t,85655,1,683,227,344,112
liuzhi3434,1817,0,2004,492,1077,435
dennis753951,381,38,2830,536,1657,637
haibowang91,3356647,0,26,9,14,3
yqifan83,18853,7,1114,219,639,256
mail2adityabharadwaj,235886,0,432,223,194,15
hayoung0_0,393707,0,318,55,213,50
aborisov,5000001,0,3,1,2,0
WheelerW,5000001,0,0,0,0,0
czjnbb,346,1713,2883,685,1492,706
yunkai96,238878,18,429,109,238,82
chrisplyn,456617,1,287,84,171,32
gabberstheTG,5000001,0,1,1,0,0
meharbatta,89064,0,673,152,343,178
lihaicoder,6797,18,1454,324,820,310
dskloet,49161,35,833,244,302,287
wangogogo,3185,18,1733,414,945,374
Chasey,151,94,3147,743,1672,732
shakhnoov,69787,0,738,206,393,139
goffrie,2287356,0,51,12,25,14
jzjsuper,162053,0,522,131,296,95
PythonicVarun,124261,1,589,150,334,105
rui-de,545074,5,252,80,131,41
FransV,389,73,2814,806,1519,489
pranithaatla,5000001,0,0,0,0,0
Anton.poseshchennyy,5000001,0,0,0,0,0
Harkness,7704,229,1406,358,717,331
timetoai,419,17,2776,711,1415,650
the_bharadwaj,312816,0,368,81,220,67
Romy67,1009979,0,147,53,62,32
Vertizes3,5000001,0,0,0,0,0
AshutoshSingh10,4666,23,1592,430,895,267
wenboz,596,0,2591,534,1369,688
chapintula902,5000001,0,7,2,3,2
salyu,11623,0,1269,306,690,273
Rochak,710495,0,204,90,106,8
xianweim,5000001,0,0,0,0,0
617280219,29256,133,982,237,486,259
lxhgww,225616,0,442,81,212,149
eoleedimin,1973355,0,64,24,38,2
utopiashuang,5000001,0,0,0,0,0
runoxinabox,107219,76,626,177,351,98
goldengoat,5000001,0,1,1,0,0
otash002,5000001,0,0,0,0,0
duyboy135,275898,0,396,72,227,97
joyizhou,5000001,0,0,0,0,0
serdes,2502,176,1847,431,1017,399
flamingsword100,5000001,0,0,0,0,0
Drjoachim,5000001,0,1,1,0,0
shoosha310,5000001,0,0,0,0,0
user0482Jn,5000001,0,2,2,0,0
MkaanTheKing,11663,0,1268,317,713,238
syc950,5000001,0,0,0,0,0
user5588kO,5000001,0,4,3,1,0
jyzlee,5000001,0,5,2,3,0
zdu011,8944,429,1357,351,810,196
xuan7701,891565,0,166,65,92,9
tsigave,487903,0,274,59,142,73
user9138V,5000001,0,1,1,0,0
grawlixes,778,5647,2462,651,1380,431
anshs_dev,400264,5,315,119,150,46
LeetCheatOfficial,418077,48,306,54,96,156
segment-tree,117384,14,603,187,310,106
ChoiSunPil,5000001,0,9,2,6,1
sameehaafr,1102332,0,134,74,58,2
ForgottenSemicolon,1935,147,1972,499,1032,441
ujasegroeg,5000001,0,0,0,0,0
Jerry-KK,5000001,0,0,0,0,0
cybsbbbb,2939,7,1768,443,981,344
66bro-CUNY,554494,44,249,72,130,47
farmerboy,3429,10,1706,459,918,329
panyan7,23329,3,1049,265,518,266
x34205,5000001,0,0,0,0,0
Fishron,7285,1,1433,322,782,329
ajinkya1p3,23075,9,1052,265,562,225
inmihir,4308,0,1622,366,910,346
SN1995dz,97135,0,651,167,321,163
genoxc,5000001,0,6,0,6,0
jchuthecode,323183,0,360,106,226,28
leetcode_dafu,429,2671,2759,794,1468,497
davyjing,17222,936,1142,332,663,147
lizaibeim,5000001,0,3,2,1,0
ming1016,5000001,0,0,0,0,0
duyiblue,1221146,0,120,28,59,33
Avuvos,4693,147,1590,496,851,243
Lizewsky,5000001,0,1,1,0,0
adityaanand-in,688979,0,210,56,123,31
l1l2,18909,21,1113,386,577,150
retawB,1141874,0,129,33,64,32
azhurtbayev,22226,17,1064,252,565,247
TravelFrog24,29241,27,982,235,542,205
ahyangyi,1191382,0,123,31,65,27
Naman_Pujari,2664640,0,40,31,9,0
suhaasswamy1999,5000001,0,0,0,0,0
Leetcodess,53468,7,810,307,430,73
sohamismukherjee123,5000001,0,1,0,1,0
user8383x,909,20,2383,674,1270,439
onakasuitacity,53284,1,811,248,435,128
Tinky1224,618,0,2572,718,1305,549
user5175Eb,5000001,0,0,0,0,0
sammochen,508,0,2676,690,1411,575
Taltonik,3727635,0,21,19,2,0
lixuanji,202609,46,468,151,240,77
anhpp,12660,36,1240,367,656,217
mshvets,67882,4,745,199,401,145
patricia00b,5000001,0,0,0,0,0
JakevK,34125,68,937,279,503,155
GanneKaJuice,3282039,0,28,5,14,9
colicon,784762,8,187,43,94,50
mbfibat,26186,32,1015,261,552,202
GoldenShadow5,62710,0,766,227,447,92
charizardcharizard10,4478916,0,14,5,9,0
arpitpandey992,6092,46,1493,314,823,356
im-ant,2584246,0,42,10,31,1
uffff,61889,0,770,128,404,238
_Fake4Fun,298998,0,378,91,211,76
kcsquared,1647,878,2049,517,1072,460
Totomo,5000001,0,0,0,0,0
uttam1235,3751533,0,21,8,12,1
Rox_,512148,0,264,77,125,62
asuka0731,188286,0,486,160,241,85
rickydunlop,5000001,0,2,2,0,0
SerdiukovDmytro,5000001,0,1,1,0,0
nthistle,229750,58,438,127,227,84
SpatzaCamino,1248850,0,117,30,58,29
ydchentw,1500,41,2098,503,1147,448
ben100,460926,0,285,35,82,168
yashmahendramistry,4385545,0,15,13,2,0
lethan3,930835,2,159,62,71,26
Astitva1508,81734,26,696,114,372,210
an_addict,257078,0,412,79,287,46
DrunkTemplar,532253,39,257,73,134,50
Anastasia7,5000001,0,0,0,0,0
songhayoung0_0,421925,0,304,74,158,72
rpn2eax,1073,268,2281,671,1152,458
parag776,70026,53,737,174,424,139
gofb,106300,0,628,161,332,135
sdutill,5000001,0,2,2,0,0
anewperson,1626232,0,84,27,40,17
Rohitrks2003,13716,1,1214,267,701,246
supreme21sm,1200705,4,122,55,65,2
yash_vish87,775,222,2463,763,1405,295
maraveska,5000001,0,0,0,0,0
CaptainD,5000001,0,1,1,0,0
Major2021,1611209,0,85,41,43,1
serenahansraj,5000001,0,0,0,0,0
Kevinxiehk,719817,1,202,49,112,41
gourav2001k,4823,27,1580,405,876,299
ItsNoOne,5000001,0,5,1,4,0
jmyanxiang,2484,701,1850,384,973,493
mcy4ever,136,14,3208,809,1685,714
aarongmx,5000001,0,0,0,0,0
Ometek,3383,56,1711,545,888,278
uchiiii,310357,0,369,107,184,78
anorange0409,131802,1,573,135,333,105
doze,1640401,0,83,12,66,5
zack24,5000001,0,1,1,0,0
mostleg,172419,0,507,139,278,90
IceKnight1093,1314298,0,110,31,54,25
Debangshu_M,154120,0,535,167,277,91
navaelvis,2702722,0,39,17,18,4
Tier-3ian,1114734,1,133,39,66,28
singh_deopa,498,0,2681,719,1456,506
pjshwa,4882,2,1575,350,890,335
m-rstewart,1766442,0,75,63,12,0
gonglinyuan,414372,0,307,76,150,81
14417335,8180,74,1387,335,754,298
Laura1021678398,5000001,0,4,3,0,1
Chalkydoge,1358513,0,106,28,55,23
_Danie1,171590,59,509,141,269,99
TWchaoYi,5000001,0,3,3,0,0
Sai-17,621441,0,228,82,117,29
sonminjae,5000001,0,0,0,0,0
natgeo,4257214,0,16,13,3,0
therealpratyushraman,370819,4,331,64,200,67
kytabyte,6950,4653,1445,370,774,301
Lambert360,1637027,0,84,23,43,18
SoulOfCinder,73732,0,723,162,414,147
Anna202020,5000001,0,1,1,0,0
ExRoc,58258,0,786,233,407,146
niki18,5000001,0,0,0,0,0
XAXAEBATb,274271,0,398,121,207,70
belphegor_,1883281,0,69,21,36,12
Aylup,18467,115,1121,257,611,253
muhandae,8074,85,1391,335,776,280
Amit-S-Sahu,66527,2,751,230,398,123
JackBai2001,5000001,0,9,3,4,2
naazii,2579439,0,43,6,24,13
preethamreddy2226,1288441,1,113,38,57,18
meemi,1851,13,1995,501,1111,383
lIlIlIl,320252,0,362,75,177,110
anuragawasthi,5000001,0,0,0,0,0
hongyili,2362,6,1874,338,880,656
albertwsw926,5000001,0,1,1,0,0
Ng1OYL8pKz,3343635,3,27,7,13,7
123454321,857475,0,172,49,91,32
jackwright1sec30,5000001,0,5,2,3,0
GreatoPheonix,1645355,0,83,50,31,2
bhinde,443792,0,293,68,191,34
jo7p,4128,1,1638,396,879,363
nikhil__thogaru,131185,4,575,24,54,497
ericsoso,899843,0,164,68,85,11
cf2,1245,9,2204,540,1219,445
clonemaasterUwU,1605323,0,86,21,41,24
log1,5115,4,1557,425,868,264
krists,136179,12,565,148,298,119
ballon,1157226,0,127,33,63,31
ndobrikov,3524279,0,24,20,4,0
mhmakelvin,4534,5,1603,449,889,265
dush1729,4452,40,1609,449,886,274
vmarunin,181,2,3085,798,1562,725
nvee,2584405,0,42,26,16,0
blin00,1601355,0,86,24,40,22
shnirelman,1038579,0,143,41,43,59
ramandeep_kour,5000001,0,0,0,0,0
gyosh,872023,5,169,41,98,30
mrunankmistry52,4580,264,1599,459,854,286
macroz,1639882,0,83,28,47,8
Anarchy,29253,25,982,180,549,253
Maristie,1543,637,2085,465,1150,470
edwardcheng,1701364,0,79,38,35,6
Cherry_Jain,2290752,0,51,16,34,1
RuntimeErrorAutomaton,204304,18,466,158,253,55
kritikmodi,121610,0,594,172,332,90
marchem,104662,6,632,233,318,81
BlackpinkLisa,288291,173,386,95,215,76
parasthecool123,843106,0,175,53,100,22
pauldb89,889273,5,166,26,51,89
bigmiaomiao,148671,0,543,135,269,139
anandmessi10,3018823,0,32,28,4,0
lozy219,906,1,2383,568,1264,551
david_hoengy,2033,246,1949,431,1015,503
Mayanksood,101169,0,641,227,329,85
user0994Zp,1689508,0,80,24,53,3
jljljljljl,8078,39,1391,300,764,327
user3013OR,1343,0,2164,493,1208,463
maester_,1752640,0,76,19,39,18
JAIVAL8,4137411,0,17,7,10,0
jacobj2,2921,85,1773,486,936,351
Deepanshu_Dhakate,6055,13,1496,336,896,264
naruto0323,179257,0,498,131,299,68
Aussie24,56016,26,797,182,455,160
ankan2526,17652,16,1135,362,581,192
AshwinR,5000001,0,0,0,0,0
googlweknoall,6495,0,1470,416,770,284
kirya2604,203627,5,467,130,262,75
unicorn_15,2312339,1,51,17,26,8
kinshukarko94,5000001,0,0,0,0,0
SrinivasEsapalli,5000001,0,0,0,0,0
arghyadeep_coder,39387,-36,895,229,492,174
3sophiee89100yp2,5000001,0,0,0,0,0
ManuShi98,13519,13,1218,266,673,279
th_36,39438,68,895,229,493,173
kresna,6770,0,1455,356,802,297
13918964864,5000001,0,0,0,0,0
abishekwdaru,2697495,0,39,11,25,3
hskd123,5000001,0,0,0,0,0
Babita_90,4137510,0,17,12,5,0
wishingjar,819191,136,180,55,93,32
jamshedmd1111,256371,0,413,98,222,93
Nagarjuna_nags,1547892,0,90,39,49,2
66brother,3325,316,1718,440,872,406
jay159,4014173,0,18,17,1,0
xiaochong1117,1226,9,2212,441,1371,400
swss123,894638,0,165,41,89,35
hamray,99796,0,644,237,302,105
simonesestili,5509,1,1529,394,885,250
fxfxxxfxx,29403,1,981,195,466,320
mahbuba01,458,0,2716,575,1455,686
Saja_mohammed,5000001,0,0,0,0,0
olimpo,75150,4,718,183,397,138
FoolPerson,1207506,0,121,24,69,28
artAbhi,9112,40,1351,289,718,344
dawnmagnet,537709,0,255,49,124,82
suiyuan1992,115521,24,607,114,349,144
vominhtriet02,13296,3,1224,300,717,207
swethasrihari,3020449,0,32,27,5,0
al-the-x,5000001,0,1,1,0,0
cuiaoxiang,8782,847,1363,335,733,295
jacob-greenfield,1602,40,2066,593,1089,384
nkemakolam,5000001,0,0,0,0,0
kasinathansj,3139,7,1740,446,969,325
SamyakSinghania,1428829,0,100,21,47,32
RiverHorse,1388416,0,103,38,58,7
akhileswarchikku,5000001,0,0,0,0,0
Gunjanh10,507287,0,266,109,151,6
xymabinogi,1571,31,2077,374,1090,613
chloeliyilin,2397034,0,48,37,9,2
Jiang_Li_Rui,1364425,21,106,26,49,31
IC_Br0ken,223501,0,445,112,251,82
amj247,2240477,0,53,21,30,2
Maruzensky,105,81,3343,814,1757,772
maxxon_rykar,4620563,0,13,4,6,3
SupervisorMayHap,1067,42,2283,545,1224,514
soghosh,35462,0,926,162,540,224
rightjoin,4282906,0,16,5,5,6
TheRaven,96698,0,652,161,353,138
badgergo,1235844,0,118,32,70,16
CosmicWolf,29651,4,977,289,526,162
jcfernandez,7337,45,1426,402,737,287
Xiaohao2019,58453,65,785,184,448,153
remidinishanth,4197,9,1632,414,913,305
chikubabua,5000001,0,0,0,0,0
somanaik,52456,2,815,243,436,136
kumarfeldspar,513025,1,264,70,129,65
cdarellsalazar,4369705,0,15,10,5,0
4ty7,721989,287,202,27,83,92
trchen,316991,1,365,77,206,82
itzRaghav,57340,22,791,204,429,158
g129512,32664,4,950,188,475,287
IAmConfessor,1644416,3,83,22,42,19
mynameisram,5000001,0,0,0,0,0
hululu0405,3113,56,1743,435,984,324
sketcher_nig8,304161,0,374,110,208,56
icareevents,281496,0,392,95,202,95
fedfan,107692,0,625,161,357,107
vermachakshu,20805,7,1083,271,575,237
ChangkunLi,590,19,2596,617,1382,597
Lucas595,18302,0,1124,294,660,170
forraiovaveronika,5000001,0,0,0,0,0
yotl,5000001,0,0,0,0,0
zhanhb,5283,77,1544,293,705,546
happypotato1207,314786,0,366,134,176,56
rauschaj,3819,35,1666,502,855,309
fsqhxrcjw,379,134,2833,707,1473,653
caobaohoang03,8192,104,1387,401,726,260
officialMKL,5000001,0,6,3,3,0
Dragon_Fly_02,254892,0,414,116,234,64
ak_shrana,31532,10,960,255,536,169
Sambhav-Jain,16167,15,1162,374,602,186
Cookie_Cream,267790,1,403,159,192,52
neeraj745,128383,10,580,157,321,102
AbsEnocder,5000001,0,0,0,0,0
pongityping,5000001,0,2,2,0,0
enenhaha,5000001,0,0,0,0,0
judoman,586956,3,238,78,140,20
levemation,88952,1,674,213,349,112
fokusd,1854646,0,70,44,26,0
agilaz,2022325,0,62,2,46,14
sunilmandloisgsits1996,5000001,0,1,0,0,1
Algo-Messihas,9119,309,1351,397,729,225
belaybiniyam540,5000001,0,0,0,0,0
ScorpioDagger,30215,128,971,281,531,159
ahsu198,175536,0,503,122,289,92
welevelupcarehab,5000001,0,0,0,0,0
cheezvarshu,5000001,0,0,0,0,0
Wenwen326,5868,0,1505,359,835,311
catalin7,412143,1,308,89,158,61
linktome,5000001,0,0,0,0,0
martin0327,1607,36,2062,556,1103,403
120cs0005,1178372,0,125,37,65,23
albertxwz,549754,0,251,59,115,77
realpzhang,5000001,0,0,0,0,0
seijia,1156220,0,127,44,75,8
chinnu11,1091184,0,136,19,60,57
adityaatcodeleet,38639,12,901,223,488,190
nsirsaida,5000001,0,0,0,0,0
bsbq,5000001,0,0,0,0,0
msp2249,2918413,0,34,22,11,1
sobols,2495,0,1848,466,995,387
mastre,371692,0,330,77,122,131
choudhary463,202598,0,468,372,65,31
ronnith,219344,1,449,97,266,86
AlphaTurk,3069893,1,31,12,16,3
fwfjs,191317,0,482,145,268,69
wyh9346,75990,1,715,192,406,117
cloudstrife0142,2888,510,1777,461,999,317
rayapureddijiteshkumar2001,5000001,0,0,0,0,0
yk000123,66838,35,749,104,335,310
27rabbitlt,100769,0,642,130,336,176
Akshatbuddy,5000001,0,6,6,0,0
ahvevm,5000001,0,1,0,1,0
ASanjar,5000001,0,9,7,2,0
frostdemonn,12310,0,1250,313,614,323
Ankit_332,1791865,0,74,19,37,18
kweezy,1055401,11,140,38,70,32
maksim1744,3655183,0,22,5,12,5
penguin133,1500404,0,94,29,37,28
rajatgoyal376,335611,0,352,112,175,65
iamc7054,193660,1,479,138,259,82
erionix,5000001,0,0,0,0,0
roshansin13,5000001,0,0,0,0,0
MKJiaaa,5000001,0,1,0,1,0
Harshkriplani,50233,1,827,248,422,157
m154145,5000001,0,4,4,0,0
timotoa,2481,133,1851,484,1016,351
foorest,38078,1,905,211,461,233
nsk_91,333050,0,354,93,190,71
anishde85,115199,228,608,79,256,273
DBabichev,1062,43935,2285,496,1214,575
user8903C,5000001,0,2,2,0,0
PKUGoodSpeed,14286,71,1200,312,667,221
leannahue,1182676,0,124,45,73,6
i_love_xiaoshagua_cpp,7674,48,1408,382,794,232
DariaMosk,1855168,0,70,35,32,3
zunyiliu,1342,25,2164,557,1103,504
Sketchy,5000001,0,0,0,0,0
hub123,5000001,0,0,0,0,0
ianlini,192727,81,480,121,256,103
wanghy012,365277,0,334,86,181,67
T_Stream,20071,0,1095,282,619,194
akshayxml,10669,22,1297,272,724,301
Thinking,1481848,0,95,31,61,3
bundelavikram0201,727786,3,200,92,88,20
alexlinzhai,831589,0,177,56,89,32
cjyang1230,1097,0,2269,669,1231,369
chauncey123,2627418,0,41,32,9,0
hungnguyen19062003,5000001,0,3,3,0,0
nnkitsaini,75463,73,717,111,373,233
wsyzmmx,184304,0,491,192,223,76
CUNY-66brother,5458,289,1532,404,798,330
Pogger,1192375,0,123,32,67,24
swolbrah,5000001,0,1,1,0,0
shubh-pandit,5000001,0,0,0,0,0
ASHLER66,537271,0,255,72,126,57
shobhitmaheshwari,5000001,0,9,6,3,0
NoamBJ,2490016,0,45,33,10,2
laohuyou,5000001,0,2,1,1,0
madlogic,229745,9,438,118,245,75
IsaacMoris,517928,0,262,58,137,67
xinyiii,5000001,0,7,7,0,0
Chaeyoung_Stan,1093685,1,135,38,67,30
a124001,4472822,0,14,4,8,2
rowena.lily.lee9894,5000001,0,0,0,0,0
aman_2005,3107,61,1744,489,928,327
user5847gt,3650228,0,22,9,11,2
bhat_shrinidhi_r,1302984,4,111,36,63,12
chelseamjames,1598656,0,86,44,39,3
dabhihardik,5000001,0,1,0,1,0
itishagarwal2000,15628,5,1172,343,629,200
ericlege98,38563,53,901,211,495,195
siminno77,40701,0,886,16,808,62
BetoSCL,27609,408,1000,284,513,203
hjeff2005,38276,27,904,379,393,132
a.jindal.ew,5000001,0,0,0,0,0
ivanc-e,52582,0,815,116,408,291
dnuj4097,474,21,2703,514,1669,520
Laurant,2260873,0,52,10,33,9
shubh12et1062,5000001,0,6,4,2,0
hup-hup1,1451260,0,98,22,49,27
seeean,7732,22,1405,385,751,269
antoniogarciaberistain,5000001,0,0,0,0,0
familylawyerofsaskatoon,5000001,0,0,0,0,0
vaibhav2740,31448,67,961,170,639,152
Arch_of_Triumph,808041,0,182,70,88,24
Hamana71,2520761,0,44,28,15,1
y2587w,870,4,2407,623,1235,549
aztk,101362,0,640,153,340,147
chloekcq,34264,0,936,138,619,179
seelengxd,655836,0,218,80,123,15
chuchuching,20870,4,1082,251,583,248
kmakanksh48,5000001,0,10,9,1,0
mopriestt,62897,144,764,183,390,191
nwesley,2260731,0,52,38,13,1
Umar_x,2933266,0,34,32,2,0
Fr0benius,93246,0,661,158,366,137
Harika_k,2828827,0,36,22,12,2
makdizi,5000001,0,0,0,0,0
SiyangShao,216637,0,452,114,251,87
user1640OD,2527275,0,44,16,22,6
user2062fQ,1957052,0,65,16,32,17
paras3019,1230717,1,119,33,66,20
warrend555,2970645,0,33,16,17,0
wssx349,16259,31,1160,352,566,242
kriti777,3574020,0,23,7,14,2
omuraisu,102439,4,638,126,311,201
keymoon,1687242,0,80,22,40,18
anujdhillxn,47788,37,841,179,449,213
vrangr,17645,4,1135,313,646,176
bruce-wayne99,64379,4,759,208,424,127
Mefarnis,384,46,2826,757,1520,549
DarrenBoi,1336111,0,108,88,18,2
Manan04,68483,3,743,236,405,102
Nandy_Magic,1382266,22,104,31,57,16
williamljb,681183,0,211,63,107,41
abhishekkumar_,3183393,0,29,10,19,0
mohit409194487,448632,0,291,83,148,60
karthikeya090,1002794,0,148,27,63,58
MaskRay,51489,107,820,175,427,218
kathanpandya507,5000001,0,0,0,0,0
swayamkumar,4528785,0,14,14,0,0
siganai,2527544,0,44,12,22,10
physxu,4803,0,1582,289,867,426
ngmq,25664,9,1021,246,504,271
Hokage25,2703,0,1811,298,1074,439
mtewathia99,304992,186,373,83,200,90
Akatsuki_,2419,0,1862,462,1014,386
user7557y,4792770,0,12,12,0,0
saumytri,5000001,0,4,2,1,1
brinuke,3049,1132,1752,468,862,422
yh157612,8525,5,1374,341,771,262
nkale04,5000001,0,5,3,2,0
a0518,470,8,2707,524,1517,666
yashshah1,5000001,0,0,0,0,0
B0SSPR0GR4MM3R,5000001,0,1,1,0,0
areke,54397,16,805,260,402,143
gsph,5000001,0,8,6,2,0
mdakram28,6623,232,1463,368,795,300
silva_b,5000001,0,0,0,0,0
unknown_ajay,16216,21,1161,256,665,240
Mukul7959,5000001,0,0,0,0,0
otogarose,83224,0,691,172,356,163
rebeccasun,294209,0,381,103,220,58
ShashankZobb,3543,13,1695,458,914,323
The_2nd_Derivative,1767,14,2017,550,1111,356
src0207,5369,209,1538,363,783,392
jsqiu098,5000001,0,0,0,0,0
Drew_,168400,0,513,139,278,96
ayamam1127,5000001,0,0,0,0,0
kla15,4804030,0,12,12,0,0
zh_jerry_yu,55853,116,798,190,441,167
NewbieHMT,5014,5,1564,236,933,395
QAMichaelPeng,4521,38,1603,380,903,320
cy171,393,76,2810,584,1422,804
_DaNeK_,64995,0,757,197,424,136
jashpreetmalhotra,2181499,0,55,30,19,6
1.2191E+11,5000001,0,0,0,0,0
lessonfour1234,5000001,0,4,3,1,0
siwei0607,5000001,0,2,1,1,0
LosingNowLosingLate,131503,0,574,121,400,53
xy-li,1654,162,2046,495,1094,457
gjeffinho,5000001,0,0,0,0,0
pavellunevIncrdbl,5000001,0,0,0,0,0
danzhi,112,177,3295,764,1734,797
shdut,882775,0,167,35,81,51
prodessa,5000001,0,1,1,0,0
rdkl,39540,35,894,203,498,193
toonewbie,525236,1,259,147,82,30
teades,5000001,0,1,1,0,0
binah,5000001,0,5,2,3,0
leet_go,95629,328,655,138,346,171
ColetteWheat,5000001,0,0,0,0,0
joshbsteinbach,2418258,0,47,37,10,0
satvikb,369712,2,331,69,202,60
__math,2550614,0,43,11,20,12
doxuanviet1996,144472,0,550,135,291,124
echen5503,130651,22,576,142,208,226
riyushhh,6898,228,1448,264,757,427
user6403Hl,4994,2032,1566,746,543,277
daniel410,5000001,0,0,0,0,0
Aabhas99,16391,0,1157,309,636,212
k1suxu,1176020,1,125,55,54,16
Kinon,194742,0,478,112,258,108
user6523SN,5000001,0,0,0,0,0
luisalima,4106151,0,17,15,2,0
EXBORN,3712,272,1678,440,903,335
singla__rohan,12286,117,1251,290,730,231
abhayg_07,438486,0,296,76,158,62
OBMIJ,5000001,0,0,0,0,0
felipeyepez,1804689,0,73,43,29,1
NEU20133823,20921,4,1081,274,562,245
tejas_tss,391319,2,319,108,179,32
LGM70,106100,0,629,207,351,71
chakrabortyambar,5000001,0,0,0,0,0
walrust,3232476,0,28,15,13,0
nazeeeef007,2056,0,1944,516,950,478
thinker99,1296515,1,112,28,52,32
yuya.rong.3,681145,0,211,52,124,35
zephyrr,7343,0,1426,360,786,280
KR_HayoungSong,524519,0,260,67,133,60
twitch_tv_qiqi_impact,1768,4447,2017,432,1008,577
tudorx28,5000001,0,0,0,0,0
rarakasm,2121,64,1927,452,1083,392
waluigi120,424762,1,302,84,149,69
prateeka,5000001,0,4,3,1,0
darv,5000001,103,3,2,1,0
jwseph,4990,455,1566,465,800,301
xietiansh,1818510,5,72,19,42,11
harryB17,31978,26,956,222,536,198
Natasha24,5000001,0,0,0,0,0
Akash_0P,4989,18,1566,347,814,405
adimb1,5000001,0,0,0,0,0
matchalatte,14019,0,1205,359,708,138
CutSandstone,1026,48,2310,586,1195,529
ZhongnianTao,816614,0,180,39,94,47
HMAXS,685043,0,210,22,69,119
LeviZhang1993,1605,6,2065,527,1067,471
malfple,459324,0,286,76,149,61
ac130h,3528,10,1696,377,975,344
TheMarioFan102,426193,0,302,76,177,49
A53320872,276011,0,396,98,247,51
patrick-gu,91976,0,665,199,336,130
8730199,489489,0,273,87,131,55
boringleetcode,1522527,0,92,18,54,20
mofadlalla,5000001,0,5,5,0,0
EDIEEE,297100,0,379,77,169,133
null_awe,25084,253,1028,432,530,66
ecottea,2681664,0,40,12,21,7
han910917,5000001,0,5,2,2,1
tanzir,4603689,0,13,12,1,0
ainta98,3497087,0,24,5,10,9
izaj_iitkgp,37341,279,911,205,451,255
swrush98,848,0,2420,735,1279,406
hkmaxi,900,1,2387,605,1264,518
Harsh_kunwar,1831781,0,72,14,42,16
asdfjlkwejiro,607012,0,232,78,123,31
RealFan,334945,765,352,76,177,99
thahn106,2936597,0,34,14,13,7
dbsic211,2040499,0,61,18,30,13
Axoryn,1234255,90,119,24,69,26
issac2033,5000001,0,0,0,0,0
Rick_Scott,143470,0,552,135,306,111
whynot4,7372,164,1424,352,782,290
forzil,116440,10,605,85,402,118
pcwuu,62579,0,767,172,424,171
nifeshe,833870,0,177,47,82,48
meyi,604250,3,233,27,109,97
zanj0,90,44,3415,765,1816,834
OmerAydin,5000001,0,0,0,0,0
moririn2528,468242,0,282,84,148,50
Atg_,159045,0,527,138,300,89
Honaldo,87425,5,678,116,408,154
Gaurav3478,94075,3,659,153,381,125
souradeep19999,391198,0,319,71,195,53
danieltonad,5000001,0,2,1,1,0
OmMotewar,2710356,0,39,25,13,1
zaneyu2005,1642255,0,83,20,40,23
askdfjlas123,568804,4,244,72,129,43
ye15,103,13353,3339,865,1759,715
hs1610,5000001,0,0,0,0,0
panshane56,267060,0,404,81,170,153
bfusion,2061820,0,60,17,41,2
Altair_45,170252,0,511,138,304,69
satyasaivarun,1918528,0,67,45,21,1
neal99,25505,1230,1021,223,559,239
cchao,10822,1,1292,314,691,287
Rocknite,100600,0,642,174,337,131
aursu,2138590,0,57,30,27,0
user7656MT,5000001,0,1,1,0,0
ccctttd,48352,3,838,236,463,139
iyerke,67944,11,745,199,419,127
saltfishwhowantbeadalao,5000001,0,0,0,0,0
shiqiantan2018,5000001,0,1,1,0,0
mufti,694,17,2519,633,1242,644
binuasokan,4239441,0,16,11,5,0
spike1236,395240,0,317,81,167,69
yolo12345,1195354,75,123,34,64,25
drewmcreynolds,5000001,0,0,0,0,0
yzhao1,822809,0,179,32,96,51
amitSha,43743,3,865,212,440,213
fge16,812332,0,181,31,120,30
MuyeLi,813187,0,181,57,107,17
2003Vamsi,1143960,0,129,66,62,1
nots0fast,1734577,0,77,19,37,21
abhidot,494843,0,271,73,144,54
gateshipone,586922,0,238,79,144,15
__luffy__,12318,1,1250,313,700,237
twangal,517062,0,262,44,124,94
peicd7699,210797,0,459,72,230,157
Peak_2250_MID_in_King-of-Glory,12058,163,1257,295,758,204
Brook_C,137229,0,563,149,333,81
syeran213,412065,0,308,79,177,52
DheerajG21,5000001,0,0,0,0,0
jojayoh,3960,0,1653,513,925,215
vuduyanhhoang33,847012,7,174,34,77,63
arinamurasheva,5000001,0,2,1,1,0
zzl1994,5000001,0,0,0,0,0
john0312acc223,1158957,0,127,31,68,28
algoriding,3441002,0,25,25,0,0
tnebiyu,3248300,0,28,17,10,1
RdxPanther,2581,0,1834,498,918,418
bry_rp,156313,0,531,163,299,69
marsdavletshin,608,0,2582,730,1364,488
yanoka23,5000001,0,1,1,0,0
didwhddks,4343,0,1619,508,832,279
nandakishore323,347949,-2,344,24,136,184
PIng0,19438,5,1105,251,659,195
fizzmonkey,5000001,0,0,0,0,0
daiw10,4920137,0,11,4,6,1
derack180,481147,0,277,91,159,27
yonghui-zhang,5000001,0,0,0,0,0
Hughstudy,10353,0,1306,314,724,268
mathcruncher,131886,0,573,107,337,129
ash98ketchum_,30229,26,973,280,550,143
gabrieldwu,2881669,0,35,9,16,10
CCDV2,1296698,0,112,30,60,22
kmjp,1197,0,2222,533,1111,578
snamy520,131746,0,574,134,317,123
BERNARB01,126938,4,583,152,347,84
celesta,2162074,0,56,14,27,15
baohiep,7015,5,1442,357,815,270
user5860c,2645382,0,41,7,20,14
liivan256,518709,6,262,103,125,34
miku_39,1143041,0,129,22,70,37
samay_var,65419,56,755,116,256,383
xinyongtian,5000001,0,0,0,0,0
tomsangotw,3085,1,1746,457,960,329
razimantv,1527,46,2090,519,1097,474
Abhi_Srivastava,121724,2,594,161,313,120
chris321,4355749,0,15,9,6,0
Leminspector,35811,0,923,260,502,161
Zabusa,5000001,0,0,0,0,0
danchaofan001,5000001,0,1,1,0,0
yrclamb,700,0,2516,740,1344,432
G26KarthikK,940652,0,158,36,85,37
jokyjang,264897,0,405,139,236,30
66glory-CUNY,1960261,19,65,18,35,12
yz09,325850,4,358,130,176,52
olney-bell,5000001,0,0,0,0,0
saffah,1732943,0,77,19,48,10
tang880501,5000001,0,0,0,0,0
reasonsolo,1654665,0,82,11,59,12
SephenLin,5000001,0,0,0,0,0
valestel,284490,115,389,115,239,35
morales_sts,5000001,0,0,0,0,0
SSYernar,489187,0,273,64,124,85
prajwal_733,15860,0,1168,341,612,215
VarunR,163573,1,520,182,252,86
adrif,5000001,0,0,0,0,0
kachhuaa,333864,0,353,106,199,48
jojo10098,5000001,0,4,4,0,0
bramar2,4574,752,1600,425,851,324
codeworm96,83695,26,689,235,374,80
quentinlam,5000001,0,0,0,0,0
Chris_T,1613441,0,85,23,41,21
mgg1118,5000001,0,0,0,0,0
leetcode_200801,1583916,0,87,21,44,22
sseemaku,5000001,0,0,0,0,0
xiuyuan-cao,667448,52,215,27,139,49
n1096706,5000001,0,0,0,0,0
teemu_ryyti,50348,3,827,215,474,138
h0302097,5000001,0,6,1,5,0
Woldenes7,5000001,0,0,0,0,0
hail-exe,5000001,0,10,8,1,1
rudrabhardwaj,5000001,0,0,0,0,0
ap1008,145190,0,549,199,277,73
ukmastercom,42202,7,875,284,518,73
LayzerK,910,168,2383,584,1305,494
Jigcecile,364264,18,334,118,192,24
parakhatovkanatpks,5000001,0,8,4,3,1
VIBE09,419256,0,305,71,159,75
RedHeadphone,13164,459,1227,391,670,166
plasmatic,630573,2,225,46,100,79
olderworse,384966,0,323,86,163,74
stupidRR,238194,81,430,101,212,117
Chandrachur,8584,35,1372,369,755,248
shadofren,545,14,2643,626,1433,584
Roshan_1229,17894,0,1131,339,620,172
Ompatel45672,58416,0,786,222,439,125
BoyuanYuan,166164,3,516,206,258,52
darkhorse081989,2516433,0,44,9,26,9
profchi,130,257,3219,801,1684,734
cijin,60903,-1,774,157,372,245
_k_yoko,4135797,0,17,9,8,0
HW87,36375,33,918,238,509,171
guptaasmit1,335428,0,352,117,223,12
test_th,907568,0,163,50,83,30
hcchiu,3151,36,1738,423,965,350
NAHSNAHS,5000001,0,0,0,0,0
dpm7,5000001,0,0,0,0,0
vonrong,46788,0,847,202,470,175
caoyeye4,5000001,0,0,0,0,0
Zaheysm,5000001,0,0,0,0,0
widow,439712,0,295,98,166,31
Lucasfarias,5000001,0,0,0,0,0
Rupesh_Das,360399,0,337,74,201,62
arnavkj11,858401,0,172,48,94,30
hahahiehie,274,55,2982,603,1542,837
harish8020,5000001,0,0,0,0,0
Liam66,407163,0,311,69,164,78
pedro,5454,673,1532,410,825,297
satyabrata25,5000001,0,0,0,0,0
rangexero,20547,0,1087,256,636,195
alex_salcianu,821,73,2436,576,1361,499
Watchout,5552,0,1526,215,834,477
ishaan____,8514,7,1375,323,720,332
SophieHatter,3507,2,1698,439,922,337
yijiezhu,116831,0,604,113,363,128
liupengsay,1052935,0,141,37,69,35
cagacu,4237645,0,16,0,16,0
sjpetrick,5000001,0,0,0,0,0
killer-whale,1377,124,2149,604,1193,352
hi_sunny0413,5000001,0,0,0,0,0
huynh0409,5000001,0,0,0,0,0
andrew_alper,2750891,0,38,24,14,0
Shagufta-farzana,5000001,0,0,0,0,0
arvindf232,2066388,0,60,17,26,17
HanaYukii,22997,5,1053,299,568,186
melonbar,5000001,0,0,0,0,0
7evane323fc2,5000001,0,0,0,0,0
user2682w,5000001,0,0,0,0,0
izackwu,24150,621,1039,285,557,197
everule,3242007,0,28,7,15,6
K260836,1493964,0,94,47,44,3
galencolin,590376,0,237,93,91,53
joshuachen0213,50967,0,823,247,495,81
alanmiller,1643,412,2050,557,1078,415
teacher-six,132677,51,572,164,282,126
Sshako,5000001,0,0,0,0,0
quentain,5000001,0,0,0,0,0
Ryazimn,694723,0,208,60,116,32
chrehall68,5579,44,1525,348,751,426
zhuoli2,5000001,0,6,5,1,0
arnaudoff,1534853,0,91,32,57,2
mazzy_star,688938,0,210,40,107,63
Superultra,68721,15,742,195,384,163
upgrace,5000001,0,1,1,0,0
MeetBrahmbhatt,24667,4,1033,225,563,245
flyman3046,20662,5,1085,291,601,193
zzjjbb,141125,83,556,130,242,184
shadofren01,1161466,0,127,37,70,20
nicolaSaporetti,975,0,2343,599,1221,523
TheFuturoma,3262,1,1725,560,1014,151
cryandrich,1490,446,2102,598,1191,313
anup0707,3654184,0,22,11,11,0
Finesse,48145,1453,839,179,366,294
gongjinchen,5000001,0,1,1,0,0
faang_enjoyer,150955,0,540,125,296,119
randle999,229428,0,439,107,254,78
Ishnark,2481317,240,45,22,20,3
technoayan,15012,108,1185,355,668,162
coder_sibasish_14,5000001,0,5,2,3,0
_sunflower_,1317011,1816,110,27,48,35
huzecong,705526,0,205,56,111,38
xxxin09,5000001,0,0,0,0,0
sivasaisambela,5000001,0,0,0,0,0
tanmay_raj_29,53301,21,811,197,449,165
jtcheng26,75885,0,716,80,313,323
AtCoderTheBestOJEver,502020,0,268,49,165,54
Megatvini,2821,0,1788,684,882,222
goooogledoodle,5000001,0,0,0,0,0
arignote,198007,0,474,89,229,156
Creator-ye,5000001,0,0,0,0,0
jayxray,10651,59,1298,312,741,245
STARs_56789,552255,2,250,103,108,39
user2937Vz,60988,1,774,164,373,237
asuresh8,391036,0,319,86,179,54
nylzhy,5000001,0,1,1,0,0
Satj,1262,669,2199,485,1202,512
Bedo_Sayed,1788443,0,74,23,38,13
hwhuige,247004,25,421,64,170,187
lydxlx,6761,14,1449,374,741,334
crackersamdjam,802351,0,183,58,93,32
dirigibility,251,0,3015,717,1574,724
AleksQ,4688,0,1590,406,901,283
patilaniruddha,2153,143,1921,400,1127,394
kml123,75258,2,723,202,451,70
user7106VS,3920653,0,19,12,6,1
tinnamchoi,6807,9,1453,419,763,271
Jason_HHHHH,701533,1,206,59,106,41
mbako9,5000001,0,0,0,0,0
convex-hull,709013,0,205,37,103,65
sempr,5000001,0,5,2,2,1
TianZai,604613,0,233,37,88,108
cheifeiyang,5000001,0,0,0,0,0
dexterdreeeam,5689,0,1518,355,836,327
purangt,5000001,0,4,4,0,0
sahilkesarwani,22063,142,1066,287,610,169
kumarapoorv617,299807,41,377,106,189,82
krititv,5000001,0,0,0,0,0
kritib777,389849,0,320,114,192,14
jjpun,644320,0,221,138,83,0
Laxman_Singh_Saini,14606,72,1193,336,638,219
Cicindela,779531,0,188,50,98,40
Jay_1729,361648,0,336,89,189,58
mutouren123,5000001,0,0,0,0,0
caoboxiao,39204,0,896,249,474,173
geyasri_vagdevi,5000001,0,3,3,0,0
sykobeli,4968,40,1568,391,825,352
zeinali827,5000001,0,0,0,0,0
weixinwu88,5000001,0,9,9,0,0
WayneSaman,5000001,0,0,0,0,0
Vicfred,2967961,0,33,4,23,6
anil9717,66604,2,750,224,388,138
learnGirija@gmail.com,5000001,0,0,0,0,0
tferrazzano,4341393,0,15,7,7,1
megurine,206262,1,464,75,227,162
__Chaos__,65091,0,756,167,441,148
siddhantgawad4,4033002,0,18,14,4,0
randolph2014,5000001,0,4,3,1,0
xinyster,189743,3,484,120,280,84
KuiyuanFu,25962,1,1018,259,558,201
Altair_4,24436,3,1036,355,561,120
fenghuixia,5000001,0,0,0,0,0
soumit915,15473,250,1172,309,629,234
thchen2002,328131,0,357,220,126,11
non_deterministic,111912,39,615,163,308,144
y0105w49,1092569,0,135,35,70,30
pasricha_dhruv,1934,464,1976,550,1030,396
rowechen,968081,16,153,36,64,53
sanathw55,5000001,0,6,5,1,0
midnight_walker,2867527,0,35,18,17,0
thassama,4803384,0,12,11,1,0
samanwaysadhu5,5595,2,1524,385,831,308
yzkkai,343742,0,347,103,167,77
benaltieri,4919832,0,11,8,3,0
DoomsDays,1262304,0,116,28,60,28
YuXin96,5000001,0,2,2,0,0
joelle22,3361314,0,26,23,3,0
dbolohan,4483,135,1607,391,888,328
CYDerekYeh,301147,0,376,101,198,77
Thrill16,5000001,0,0,0,0,0
vishveswarch710,36317,2,919,222,487,210
kac320,5000001,0,1,1,0,0
luisbravo1,2154406,0,56,29,25,2
chenwang0517,229497,0,438,112,237,89
K3zbdEErWi,184110,0,492,133,274,85
OneAutumnLeaf,5000001,0,0,0,0,0
democoffee,5550,1,1526,367,809,350
PatrickOweijane,45418,274,855,205,491,159
instigation,48475,0,837,243,437,157
pertifiedcobra,983191,0,151,33,91,27
PugachAG,15830,0,1168,255,645,268
AQT,960395,0,154,37,87,30
metaranger,5000001,0,0,0,0,0
xbin123,5000001,0,4,4,0,0
janar265,5000001,0,1,1,0,0
sasikanthbobba,5000001,0,0,0,0,0
xavier13540,465645,50,283,42,100,141
tienthanh214,222093,3,446,106,245,95
Maria87,5000001,0,3,3,0,0
IanISam,521206,7,261,71,133,57
PyIsTheBestLang,1241241,0,118,28,53,37
asujamuto,3934576,0,19,10,9,0
LVL99,1108,403,2265,606,1237,422
benjaminanoh,1672167,0,81,27,53,1
ssontakke087,1770339,0,75,54,21,0
exzack,66081,76,752,174,409,169
chetan_saini21,95291,5,656,196,355,105
noopurbana,5000001,0,2,2,0,0
Shivesh_K,63413,0,763,127,515,121
nika-skybytska,139,1270,3192,817,1680,695
user1558m,5000001,0,0,0,0,0
201993,5000001,0,0,0,0,0
pku_erutan,302,13,2942,709,1510,723
dioji,44220,17,862,240,462,160
arjitkansal,22477,9,1060,284,607,169
aknov711,40902,58,884,169,447,268
ken060636,5000001,0,1,1,0,0
azala,43904,46,864,172,405,287
amsraman,438040,53,296,77,146,73
songhayoung,508445,0,266,69,139,58
thaiminhpv,4667612,0,13,10,2,1
wangqiannju,1123092,0,131,39,80,12
Qg3,316149,0,365,100,200,65
AndreZWei,4219,15,1625,432,900,293
yao-wen,3721678,0,21,10,10,1
SilentMonk,5000001,0,9,9,0,0
kolzhoz,5000001,0,0,0,0,0
SirTechnical,25897,0,1019,250,561,208
all_too_well,20097,7,1094,250,618,226
Stas123123123,4606447,0,13,8,5,0
Joshi2712,3122710,1,30,10,17,3
shivashish_123,42042,3,876,159,463,254
LearnerSank,3080107,0,31,22,8,1
4782735,5000001,0,8,1,7,0
SUNNYYADAV1309,1547206,0,90,38,45,7
sfwei,5000001,0,1,1,0,0
clonemasterUwU,16613,11,1153,253,598,302
rithwikgupta,2099183,1,59,13,29,17
LeonDong1993,4374,52,1616,408,869,339
bytemi,5000001,0,0,0,0,0
ShenTM,2340,34,1881,475,1037,369
betrue12,1460017,0,97,24,53,20
phani_kumar,5000001,0,2,2,0,0
DimmyT,1133359,0,130,35,69,26
callmepandey,126940,166,583,172,307,104
jakao,133494,0,570,138,290,142
Raviraj_cit91,5000001,0,0,0,0,0
rt-001,15282,0,1179,173,681,325
developer_baris,129743,3,578,287,253,38
LauraOnac,5000001,0,1,0,1,0
Ma_Lin,100,37,3371,755,1789,827
Kmcode,1343792,0,107,23,66,18
Hemanth12233,5000001,0,0,0,0,0
thallium,766220,0,191,51,107,33
megatonna,5000001,0,1,1,0,0
nirav114,266823,10,404,131,208,65
ShidaLei,1891,1,1985,468,1081,436
EricTsengTy,223934,0,444,114,245,85
pallab3004,2485884,0,45,21,20,4
RightChen,5000001,0,0,0,0,0
prateekagr98,3365979,0,26,11,14,1
Guneet9,2364597,0,49,41,8,0
TiredJie,925256,0,160,49,84,27
zihao_intuition,107419,0,626,87,356,183
bobxiong88,351221,0,342,102,187,53
saiVignesh___2005,8118,0,1390,329,755,306
kshjee007,5000001,0,0,0,0,0
rajsagare14,5000001,0,0,0,0,0
hayoungsong,483244,0,276,69,146,61
wdb5u,5000001,0,1,1,0,0
capitalsamurai,5000001,0,0,0,0,0
yaqizhang,1312,14,2167,630,1177,360
tmt514,538692,0,254,47,128,79
daurenabd,1779,4,2014,596,1071,347
tonylukamumu,10980,8,1287,361,699,227
wolfspeed,5000001,0,8,1,5,2
VILLANOVA_ECON,511084,17,265,60,130,75
AlexFilip,2874371,0,35,16,18,1
raararaara,44247,0,862,168,457,237
Upah,2101376,0,59,14,31,14
nguyennhucong2003,5000001,0,0,0,0,0
quillthegod,3727862,0,21,13,8,0
kattarleet22,1411172,0,101,36,57,8
coleworld223,32103,0,954,220,461,273
nihillian,3493431,0,24,16,8,0
ivanghi,5000001,0,5,1,3,1
danieldumitran,29330,0,981,268,537,176
Mazaalai,15031,6,1184,294,665,225
saddy_1610,711842,0,204,74,103,27
ihanif,209764,1,460,119,254,87
xiaohuajiao123,3232092,0,28,17,11,0
dacdodinh99,514936,0,263,82,131,50
max_li,1531227,1,91,31,53,7
contest999,328657,0,357,81,192,84
addepalli_bhavana,140350,0,558,149,309,100
NirbhayPaliwal,421695,0,304,67,151,86
chainrul,583644,0,239,51,133,55
codeforcesuser,138362,199,561,179,291,91
Kude,53300,0,811,204,403,204
coding_lord,1095089,0,135,39,67,29
readyToStrike,548358,15,251,26,109,116
bbfce,1412054,0,101,66,35,0
Kevin_Pan,1929,18,1973,454,1148,371
wcq_txdy,761833,0,192,75,97,20
swwwwang,5000001,0,9,8,1,0
roma95,20339,0,1090,293,573,224
aka09,5000001,0,0,0,0,0
songhayoungKR0_0,508800,0,266,66,140,60
mangoqwq,1132667,0,130,35,64,31
zrts,383521,0,323,32,174,117
namasikanam,1973112,0,64,14,33,17
HFDnpkp1cs,223555,19,445,83,236,126
meraki1990,5000001,0,1,1,0,0
lalalacute,2242690,0,53,14,27,12
AzzerAce,1042886,0,142,75,65,2
wengh,29456,11,980,236,518,226
shashank_p,1839384,0,71,42,29,0
d--,2737155,0,38,13,12,13
ll612,644085,0,221,73,137,11
chandilier,2015608,0,62,10,37,15
alexxx85,5000001,0,0,0,0,0
polpolpol,25261,0,1021,278,566,177
idontreallyknow,131359,6,574,148,294,132
alkonaesc,1088,-7,2274,714,1222,338
thor_77,2864286,0,36,8,19,9
u_noob_i,45725,0,853,219,476,158
Sandeep_P,1733,179,2027,560,1009,458
yottacto,213754,0,455,56,237,162
MLEAutomaton,1137119,0,130,33,65,32
ujaitley,439607,0,295,88,165,42
DylanSmith,760,293,2474,640,1282,552
Ganeshwala,5000001,0,1,1,0,0
ParthIsLit,178337,0,500,115,286,99
adhishkancharla,59990,0,778,204,456,118
Sanath_Kulla,96471,9,653,175,329,149
ray_striker,4750,245,1585,384,890,311
lihuoran,91,28,3410,766,1811,833
fmota,484689,6,275,68,135,72
xuejiay,681903,0,211,53,132,26
balthazarely,5000001,0,0,0,0,0
ryandgoldenberg1,42402,6,874,95,282,497
huetr,1145817,3,129,24,68,37
ykx_akks,124371,23,588,169,288,131
editsqwe4581,5000001,0,1,1,0,0
pandaforever,849375,0,174,43,81,50
USYDLDH,271725,0,400,116,207,77
jwpassion1,214437,1,455,108,271,76
neww,5000001,0,8,2,5,1
NO_COMPETITON,30599,2,969,191,527,251
littlefriend1995,1323126,2,109,20,34,55
wyjsdpku,19548,0,1103,272,584,247
ywj568-en,11002,0,1287,309,610,368
Dipakantaria,5000001,0,0,0,0,0
Rishab01,5151,14,1554,288,801,465
constroy,468672,16,282,75,156,51
xiaowuc1,267458,0,403,126,195,82
zhoupeiyun,3174389,0,29,19,10,0
concl,5941,7,1501,387,834,280
chaileyi,5000001,0,0,0,0,0
Harsh2615,2819537,0,37,8,21,8
justdoit2,990225,0,150,38,77,35
braindroid,816,108,2441,655,1311,475
c0wthecow,1215331,0,121,29,65,27
Aquanox,1617227,9,85,20,39,26
tohir,5000001,0,3,2,1,0
Nahin_Imtiaz,4228631,0,16,1,14,1
xl2411,5000001,0,0,0,0,0
Woodside,1861250,0,70,35,29,6
mishaga,1304133,0,111,60,47,4
srikkanthr,6891,0,1448,362,722,364
Pooja_vish,5000001,0,4,3,1,0
fli,151017,0,539,136,314,89
qeetcode,9559,647,1335,403,653,279
krishnag89,5000001,0,3,2,1,0
Nis_Han,758347,10,193,52,100,41
2017816820,5000001,0,0,0,0,0
ayuchitsaluja8,40890,8,884,178,490,216
Berimbol0,2587984,0,42,26,15,1
Chris_ho,560,0,2632,763,1664,205
Shandse40,5000001,0,0,0,0,0
lwm7708,1384873,0,104,22,50,32
ernestlu,682028,0,211,48,92,71
_chemthan,1788829,0,74,8,15,51
lz2657,1834,15,2000,502,1116,382
alxwen711,75528,8,717,364,296,57
Carefreejs,2082744,0,59,25,31,3
QuantumCoder404,2248455,0,53,14,28,11
dollbi5,5000001,0,0,0,0,0
Jaguarboy,5000001,0,0,0,0,0
kzyKT,5555,0,1526,400,791,335
hurshrao,986381,2,151,62,75,14
Harsh1610,37084,0,913,153,494,266
psdimov,3815503,0,20,15,4,1
jonathanirvings,135633,24,566,142,284,140
t38178,176730,636,502,118,268,116
yuntianzhou,12299,10,1251,301,616,334
washlong,5000001,0,0,0,0,0
user4287b,5000001,0,1,0,0,1
WINGU0,1232930,0,119,38,59,22
sashabol,5000001,0,3,1,1,1
wwwwodddd,1464,0,2111,683,1119,309
deadRabbit,14992,23,1185,292,616,277
pjincz,14829,139,1188,283,659,246
ttzztztz,4286,211,1624,351,905,368
prem__,32774,0,949,262,525,162
diptyadeep,5000001,0,7,3,3,1
dasarisrinivas,113852,46,611,183,312,116
TheWander,5000001,0,3,1,2,0
kostyachzhan,5000001,0,0,0,0,0
cuongdq,5000001,0,0,0,0,0
khaledlabeb552,75919,3,716,221,377,118
sunnyrawat,13303,5,1224,336,669,219
Maango16,59831,2084,779,252,419,108
neverbackdown,15773,14,1169,259,581,329
_kevinyang,71631,1,731,162,358,211
turneja,149990,0,541,83,224,234
souravlaira,5000001,0,0,0,0,0
djain26,5000001,0,0,0,0,0
elusadega,5000001,0,0,0,0,0
baotyphu,169813,0,511,168,323,20
mxlmengxiangling,941322,0,157,101,54,2
emthrm,61641,0,771,197,379,195
CAEL0,4046,0,1645,547,818,280
BhumikaDudhat,623714,1,227,171,50,6
Silken,10371,13,1306,312,715,279
divyanshpokharna,6454,0,1473,369,841,263
tinylic,11367,9,1276,316,703,257
arhamsjc,306559,16,372,110,183,79
MisterSoandSo,2964046,0,33,11,17,5
user7269F,2660932,0,40,10,23,7
ct1993ustc,5000001,0,6,0,4,2
retired_kid,286050,0,388,89,209,90
Ar_pa,1837390,1,71,16,41,14
georgiaaa,825375,0,179,38,87,54
fugally787,8431,7,1378,307,701,370
dong_liu,793609,0,185,39,94,52
RakheeSingh,5000001,0,6,6,0,0
icoder178,2893722,0,35,8,17,10
knight_,5000001,0,8,8,0,0
leetcodedocteel,162922,0,521,128,260,133
Denzed,6771,0,1455,346,809,300
mhlangazodwa1914,5000001,0,0,0,0,0
thenymphsofdelphi,822103,0,179,51,87,41
blastfox,5000001,0,0,0,0,0
hieuminh.hoang,5000001,0,1,0,1,0
wh_springer,3061408,0,31,7,19,5
404akhan,75440,141,714,85,167,462
siddhraman,5000001,0,0,0,0,0
usephysics,2991,213,1748,526,970,252
HackedAgain,51014,181,823,204,452,167
Wasiim03,5000001,0,0,0,0,0
lemanh1011,5000001,0,2,1,1,0
SatBan,3371316,0,26,24,2,0
prasanjeet1720,3376418,0,26,17,8,1
plyusnovdmitrii,703850,36,206,56,112,38
tmwilliamlin168,693409,259,208,61,108,39
dreambbs1101,1640596,0,83,56,24,3
zhangyu,5000001,0,0,0,0,0
Leofu,3879,68,1661,416,765,480
mk01,1294662,0,112,61,51,0
windyxiao,5000001,0,0,0,0,0
lnsuyn,841096,0,175,31,100,44
user8991p,2747647,0,38,27,11,0
honghongdepengpeng,65086,0,756,157,406,193
hkwu6013,1725,148,2028,489,1128,411
jevancc,2707,0,1809,432,1071,306
JhoZzel,443082,2,294,60,155,79
udhavvarma1,1257173,0,116,24,65,27
myxomatosis21,5000001,0,0,0,0,0
Naruto_x,41,0,3734,909,1941,884
trantai,12401,20,1248,249,672,327
dark_knight_2103,9957,16,1321,248,752,321
AntonBorzenko,1833,178,2000,525,1095,380
ununoctium87,1751372,0,76,38,34,4
jerry_dbc,5000001,0,0,0,0,0
cyan,4214741,0,16,4,10,2
lympanda,62474,17,767,178,386,203
_lls,35605,4,925,167,461,297
taizy,2820599,0,36,10,19,7
xinyan9712,5000001,0,1,1,0,0
autumn_eel,1313037,0,110,26,63,21
Meghana2503,2450900,0,46,29,16,1
SagnikBiswas1049,487221,19,274,57,159,58
satyajeetramnit2708,645427,10,221,125,81,15
CherryPan,4609173,0,13,11,2,0
charliesong12,5000001,0,0,0,0,0
When_Brain_Ded,1327747,0,109,23,54,32
skyinde2,94300,0,658,102,240,316
Adarshraj,846513,0,174,91,80,3
vhair,5000001,0,0,0,0,0
anotherclone,428929,9,300,73,174,53
sarthakkale,5000001,0,2,2,0,0
lbjlc,6181,86,1487,362,782,343
bucker,4607166,0,13,9,4,0
techdudes87,2393997,0,48,14,33,1
smeliot,3814776,0,20,9,11,0
RayHongZ,9528,2,1336,297,754,285
sawai31,5000001,0,0,0,0,0
stany,911446,0,162,29,127,6
Frucek,3675873,0,22,22,0,0
Andycipation,1063341,0,139,33,74,32
veraci2,1772223,0,75,21,38,16
youarecrazy,2258224,0,52,32,19,1
MickyOr,1992073,0,63,13,27,23
cool88013046,5000001,0,0,0,0,0
Allink,5000001,0,0,0,0,0
hamayanhamayan,801924,0,183,42,100,41
Haksell,359725,10,337,142,149,46
quocdatmc,404729,0,312,83,163,66
c337134154,50431,1,826,261,437,128
Kingslayer7,1135000,5,130,44,65,21
humflelump,2815,377,1789,458,966,365
mohfadhil,5000001,0,1,1,0,0
vin2215,122177,0,593,232,323,38
dongdozizi,1287079,0,113,25,51,37
voidmaina,52641,7,814,222,415,177
xywang0520,3339,76,1716,375,947,394
iMingle,5000001,0,2,1,1,0
__gyrFalcon__,213145,12,456,77,142,237
natsugiri,24797,0,1031,258,528,245
mmdev2006,870098,0,170,91,60,19
BChowy,5000001,0,3,2,1,0
fplk0,156640,0,531,132,301,98
etnevel,5000001,0,5,5,0,0
Ammar1510,277401,0,395,109,204,82
layor,61994,2,769,147,332,290
manohar.morthala,5000001,0,0,0,0,0
anjutayde,5000001,0,0,0,0,0
lxylxy123456,71920,76,730,207,390,133
mywaythere,633598,0,224,37,144,43
the_wiz,368526,0,332,141,128,63
fsshakkhor,336475,0,351,84,197,70
getnaukri,5000001,0,0,0,0,0
shivam3412,4272932,0,16,4,8,4
tianqi_victory2,5000001,0,1,1,0,0
OmAmar,2716,71,1809,482,929,398
Dengse2,5000001,0,0,0,0,0
HashCavalier,38396,0,903,210,485,208
user7086bI,5000001,0,1,0,1,0
fjzzq2002,624698,0,227,111,87,29
tabr,271475,0,400,121,192,87
n3_,185063,10,490,159,258,73
faustaadp,679003,0,212,128,58,26
red404,5000001,0,1,1,0,0
AlexRoma,5000001,0,0,0,0,0
loopool,2868752,0,35,26,9,0
stud30821,5000001,0,4,0,4,0
sangeetaJain,5000001,0,0,0,0,0
ahmed007boss,5000001,0,0,0,0,0
queerAsfolk,5000001,0,0,0,0,0
davidxl7,237787,0,430,142,218,70
raziakhalidbutt,5000001,0,3,3,0,0
mattrl,64127,0,760,231,412,117
cindy106206303403505605,5000001,0,0,0,0,0
varshithchilukuri,1033457,0,144,45,81,18
bozh2345,5648,0,1520,383,794,343
waakaaka,779244,0,188,52,97,39
shiomusubi496,775713,0,189,71,88,30
codemayank,2289384,0,51,32,18,1
chh9976,810206,0,182,42,90,50
TushaarDTU,3065,50,1750,310,1053,387
wen1234,5000001,0,0,0,0,0
Rodrox21,5000001,0,1,1,0,0
awang11,537551,0,255,50,117,88
alexandertar,810941,0,181,64,99,18
yc-li,342403,0,348,63,165,120
jknb,2553153,0,43,23,20,0
zheng131,1272951,18,114,37,59,18
viralvixenmarketing,5000001,0,0,0,0,0
bookya,5000001,0,6,4,2,0
erel3,29635,0,978,278,524,176
kretash,1958,406,1966,607,1097,262
premranjan,5000001,0,0,0,0,0
0w1,5144,0,1553,463,762,328
Citypop,315,45,2921,697,1549,675
sslkm13,5000001,0,9,5,3,1
Shivani_09,5000001,0,3,3,0,0
piyifan,68646,0,742,243,381,118
not_divyansh,1112550,0,133,34,69,30
Parv-Gupta,5000001,0,0,0,0,0
lucasschnee,502,280,2679,664,1432,583
user8450y,5000001,0,0,0,0,0
hitonanode,200052,16,471,115,250,106
BoLuoJie,2143,186,1923,648,924,351
wasayy_k,5000001,0,1,1,0,0
tushargupta11,1939470,0,66,48,16,2
luo122174088,18328,111,1123,222,647,254
dedgar,2388161,0,48,38,10,0
nicholasondurby,388130,20,321,190,102,29
andrewtam360,1038555,0,143,44,73,26
Swetha1805,5000001,0,0,0,0,0
okaduki,195052,0,477,119,259,99
minjugg,5000001,0,0,0,0,0
kuanc,5805,197,1510,514,812,184
bucketpotato,1265403,0,115,30,58,27
0sc0,5000001,0,1,1,0,0
SIVARJUN,5000001,0,9,9,0,0
w0ww,2949,0,1767,462,921,384
bipinpathak,167016,2,515,143,312,60
dhruti96shah,1049006,0,141,38,87,16
TristinH,541792,2,253,103,137,13
pichulia,912812,0,162,42,89,31
Aging,45499,5,854,231,466,157
ViniciusGularte,5000001,0,0,0,0,0
eyelexv,2794192,0,37,34,3,0
Farhan20,25091,0,1028,300,551,177
kainaninthebuilding,1583931,0,87,17,53,17
kishanbhut,5000001,0,0,0,0,0
rfpermen,4952,40,1569,383,861,325
chendali199606,544978,0,252,72,142,38
satisho_jod,1797285,0,74,17,37,20
ahmedefendi735,2940174,0,34,9,16,9
NikolajGronvold,1748584,23,77,21,42,14
Ootori,2600,69,1830,457,983,390
VerilogMenace,1909162,20,68,13,31,24
Yawn_Sean,20886,851,1082,241,599,242
kirika-comp,748287,0,195,48,98,49
Errichto,619830,746,228,64,120,44
r07922080,34378,0,935,225,519,191
shi_logic,338538,6,350,53,148,149
escottrose01,142254,0,554,167,298,89
pseudosodium,161573,0,523,163,267,93
lhh1991117,5054,0,1561,373,890,298
0suoicsnocbus,115265,7,608,124,361,123
code_eraser,739507,0,198,76,94,28
JDEP,50620,0,825,160,429,236
triggerxcpp,2203079,0,55,22,21,12
deepanshuchaudhary55,807533,4,182,67,97,18
2010wendian,496449,0,270,70,154,46
thanhdat1320,5000001,0,0,0,0,0
neal_wu,542057,0,253,60,141,52
karate,1733384,0,77,45,28,4
MichaelTrip,5000001,0,0,0,0,0
bonilha,2250,0,1900,711,935,254
HeavenWatcher,38854,10,899,166,470,263
rmk7382,3588496,0,23,20,2,1
user9218i,11170,5,1282,302,692,288
dreamoon,284235,0,389,93,200,96
wutwere,620280,0,228,43,134,51
dd2307,70638,0,735,201,402,132
vlyamtsev,4220413,0,16,13,3,0
rarelytested,431415,0,299,55,141,103
l8huang,1411736,0,101,58,42,1
huntersjm,9440,5,1339,371,774,194
willwang-io,284088,0,390,163,172,55
python_champ123,1670,538,2043,533,941,569
lovelydays95,113,39,3236,615,1799,822
LyuYongzheng,5000001,0,0,0,0,0
earthfront,5000001,0,0,0,0,0
Atma_,6963,314,1445,389,777,279
nikhilxp,2425695,0,47,24,21,2
liming-v,4104988,0,17,4,11,2
LayCurse,12595,0,1242,313,606,323
ConnectedPuddle,99984,30,644,150,378,116
satyamkrishna,1398845,0,102,66,34,2
owen2,3358,22,1714,379,913,422
hikaru__,17166,8,1143,326,671,146
Lawtech,1027598,0,144,58,80,6
aktgb_31,81364,16,697,168,392,137
shubhamgoel879,879360,3,168,65,92,11
numb3r5,1480,670,2107,551,1115,441
bilyhurington,755138,0,194,47,100,47
,2913542,0,34,29,4,1
hanifasepthi,29628,73,977,216,363,398
shojin_pro,448778,3,291,116,133,42
Andimeo,791,35,2455,634,1236,585
eshan1809,5732,101,1515,469,819,227
athensclub,6054,0,1496,448,836,212
PurpleCrayon,50609,16,825,215,416,194
sophy83167,5000001,0,10,9,1,0
Nirav5502,5000001,0,0,0,0,0
liao119,854,214,2417,621,1328,468
anti_007,5000001,0,6,4,2,0
SilverNarcissus,2411,5,1863,433,1022,408
Amberz,5000001,0,0,0,0,0
SkinnySnakeLimb,4310,121,1622,410,873,339
hankray,5000001,0,0,0,0,0
Heidi_,5000001,0,0,0,0,0
igorlifar,235749,0,432,140,191,101
skpeng,4923909,0,11,10,1,0
quantuminfo,11801,699,1264,258,687,319
rapel,231556,0,436,136,211,89
SamMos,1280,60,2191,494,1223,474
XxFALCONxX,641430,32,222,63,133,26
doc967,5000001,0,3,3,0,0
HazemAllaham,5000001,0,5,4,1,0
powervic08,126911,0,583,360,170,53
qbkivlin,5000001,0,10,9,1,0
Jungyhuk,5000001,0,0,0,0,0
bharatkhanna1995,565948,0,245,55,140,50
andyzhaoxs,117109,22,602,159,318,125
jfantasy90,23556,0,1046,208,554,284
dnialh,585089,0,239,63,119,57
tarek,2656973,0,40,27,13,0
brianarmstrong9018,5000001,0,0,0,0,0
traumatized,56869,79,793,203,433,157
mban259,1293137,0,112,32,57,23
CoderCqb,5000001,0,0,0,0,0
danielvaughan,5000001,0,0,0,0,0
smarty92,5000001,0,2,1,1,0
LaserShoot,5000001,0,1,1,0,0
parallel_stream,49116,9,833,238,449,146
dsjong,512945,0,264,61,135,68
suyayya,5000001,0,0,0,0,0
w_zhang,374353,0,329,80,151,98
HDSpray,101099,2,641,172,371,98
udaykahar29,1498085,0,94,51,42,1
cleave_purple,8295,7,1383,218,711,454
pushapdeep,443771,0,293,101,169,23
HaveFun2018,5000001,0,9,4,3,2
ChangeofPace,888008,0,167,21,100,46
that_panda,498617,393,270,105,131,34
alanlzl,10150,2922,1313,365,687,261
penguinhacker,86656,0,680,192,350,138
TheCleanser,28548,6,990,291,558,141
sashulya,381730,0,324,64,197,63
tyagsa,135640,27,566,130,298,138
Poojash18,5000001,0,1,1,0,0
bhawnapannu2706,426324,-5,302,28,95,179
nafiz457,3809806,0,21,4,12,5
yaketake08,1784817,0,74,19,43,12
StackOverflowAutomaton,1846457,0,71,18,37,16
jeromewell,5000001,0,0,0,0,0
lkvlkvlkv,2503,23,1847,460,1005,382
youtube_aryanc403,758045,10,193,62,84,47
wjli,85,16,3446,857,1841,748
leest1,4610241,0,13,12,1,0
lol0lol,1085,0,2274,578,1343,353
WeakBoy,90159,2,670,138,385,147
cthbst,169642,0,511,115,245,151
sarahw607,5000001,0,0,0,0,0
MichaelPengDeveloper,5000001,0,0,0,0,0
ebug81,5000001,0,6,4,2,0
neuq_3,5000001,0,2,1,1,0
fdironia,654919,0,218,65,113,40
chubbyseal,576402,0,242,58,126,58
Remineva,1125,78,2258,575,1190,493
kim_123,44552,29,860,206,463,191
vmb,744682,6,196,47,128,21
puktt,5066,12,1560,440,826,294
sas4eka,211071,0,458,102,273,83
flashmt,345700,4,345,86,165,94
FromDihPout,27026,258,1006,259,576,171
oskar1293,2084552,0,59,33,24,2
cookie0204,2084941,0,59,50,9,0
aaron_cqzhang,1122,7,2260,584,1269,407
ukaguf,274130,0,398,97,214,87
saurav_m1,1798569,0,74,12,39,23
klion26,855971,1,172,52,106,14
Andwerp,57862,0,788,190,434,164
9ishak6,5000001,0,0,0,0,0
GopalKalsiya,21351,0,1076,349,568,159
user1048Z,5000001,0,4,3,1,0
TacoShiba,2566655,0,43,13,22,8
user7579TT,1938276,0,66,46,20,0
Mohil09,38081,0,905,204,524,177
zeusmx,1912264,0,67,23,35,9
EgorLifar,4153144,0,17,4,7,6
satanic0258,1124188,1,131,33,72,26
vrintle,317764,306,364,93,177,94
nosrpku,315926,0,365,84,210,71
sshang,1630,1,2054,462,1080,512
aging_taoran,490377,0,273,63,154,56
kvavveti,689587,0,209,50,150,9
pathetic-dog,2839774,0,36,9,18,9
lsmll,85090,0,685,140,407,138
dasha2002,331768,0,354,80,214,60
okjustgo,4007827,0,18,11,7,0
shuoxuanli,90216,55,670,154,349,167
qamarshams141,5000001,0,0,0,0,0
HSB1107,30716,0,968,232,583,153
erdenebulgan,5000001,0,0,0,0,0
TKTYI,1189371,0,124,24,62,38
sudheerganta,5000001,0,1,1,0,0
tonyli0000,4173,0,1634,472,850,312
orthogonal1,3675,218,1682,408,932,342
mojiexiong,1494129,0,94,53,40,1
DipakDeshmukh2,547071,0,252,62,155,35
alzeebum,5000001,0,6,1,4,1
cheol,12341,125,1249,170,720,359
mayur0055,270263,1,401,162,210,29
apte11,5000001,0,1,1,0,0
Murrk,5000001,0,0,0,0,0
Toptodown_Dp,40825,16,885,202,536,147
jmathews,5000001,0,0,0,0,0
tfliao,80976,7,693,204,355,134
mosa23,2488973,0,45,12,26,7
SaveVMK,4921,3,1572,391,814,367
AntonRaichuk,38779,0,900,212,435,253
lucasschnee2,1455896,0,98,24,46,28
goodstudyqaq,737697,0,198,30,97,71
panvith,1336994,0,108,51,52,5
gct,5000001,0,2,0,1,1
hcseo,77187,10,711,58,148,505
jojem,5000001,0,2,1,0,1
alexbardas,1151,5,2244,639,1224,381
4bP7qaO8Qi,1713849,0,79,24,38,17
zacharychao,1265331,0,115,32,53,30
user4802oO,907917,0,163,70,89,4
wataru,4657,14,1592,338,816,438
Wibo,283616,0,390,65,158,167
ADJA,286630,261,387,113,209,65
user6921l,3126738,0,30,27,2,1
indamail88,5000001,0,1,1,0,0
aceqi,5000001,0,0,0,0,0
vince1114,3817237,0,20,13,5,2
nimish7866,365354,0,334,72,201,61
CLOUD9SKY,5000001,0,0,0,0,0
Aman_j1,1417,173,2131,468,1122,541
puspendra_09,11968,14,1260,374,689,197
vilmos_prokaj,245,56,3020,798,1553,669
smax,144621,10,550,142,293,115
agarwal_keshav,10443,40,1304,336,725,243
antarestrue,2024,425,1951,538,1086,327
jtrh,19705,20,1101,275,614,212
canhnam357,717,0,2508,759,1390,359
nishitsharma0,131467,2,574,138,318,118
pein531,699,39,2517,597,1312,608
uwu,125345,1,586,155,294,137
akashshar-ma,5000001,0,0,0,0,0
kaikaikaikaikai,151902,0,538,148,286,104
Shoom,6749,5,1456,436,796,224
WellingtonDias,4356784,0,15,15,0,0
lan190202,5000001,0,6,5,1,0
usaya,1372142,0,105,22,59,24
LeetCoach,6491,14,1471,382,800,289
Dare_Nuges,5000001,0,3,3,0,0
tonyli00000,173168,0,506,140,270,96
ahmedsobhygawesh,5000001,0,0,0,0,0
awice,134,11838,3214,792,1668,754
glassbead03,5000001,0,0,0,0,0
rh137,2485,788,1850,464,1020,366
_merlin_,39497,1,888,232,507,149
never_seen,2142648,0,57,13,29,15
yuxinjin,5000001,0,0,0,0,0
gkevin,8340,2,1381,374,746,261
user0914Mk,5000001,0,8,0,6,2
369488685,5000001,0,3,2,0,1
richenyunqi,49661,393,830,262,463,105
phungtienminh,2910,5,1775,509,929,337
Another_Day,5000001,0,0,0,0,0
likeadityakumar,103901,15,634,163,374,97
borat89,2939717,0,34,8,17,9
MainFrameKuznetSov,26596,220,1011,243,570,198
vigneshcoder05,1310,1041,2177,593,1140,444
green_pig,382863,0,324,87,162,75
vassu118,3355,3,1715,529,868,318
code_nik,2206017,0,54,42,12,0
purushottamjha447,3352,20,1715,565,920,230
hulot-bak,1069073,0,139,30,75,34
haley19940125,1911763,0,67,31,35,1
kaname_asuka,2393,2,1868,619,974,275
shyamjha12,5000001,0,1,1,0,0
user3068e,5000001,0,0,0,0,0
junbinliang,647001,8,221,43,122,56
hahahalou,5000001,0,0,0,0,0
7Yd1AvxXMh,3167804,22,30,4,17,9
sanskar20khare,5000001,0,0,0,0,0
dingzi,5000001,0,0,0,0,0
mano1381997,635015,0,224,70,140,14
pepsinogenz,5000001,0,1,1,0,0
friedall,498164,0,270,74,133,63
hunt67241,5000001,0,1,0,0,1
yangwill,3723849,0,21,11,8,2
hsiyun,5000001,0,1,1,0,0
jackky,5000001,0,4,2,2,0
jasonlaw-dev,53253,2,811,143,499,169
gxtchenry,4538,0,1602,312,933,357
hope_ma,56,63,3654,898,1897,859
arjun791,5000001,0,0,0,0,0
funsquared,1145736,0,129,32,66,31
is2ac,150579,2,540,173,276,91
gdkat,1244029,0,117,62,52,3
tinnywt,4218951,0,16,10,6,0
jiajun_mei,5000001,0,0,0,0,0
hxu10,49,4200,3687,898,1935,854
theone7,5000001,0,0,0,0,0
rvrty5,3545190,0,24,5,8,11
samudrejanhavi26,5000001,0,2,2,0,0
astour44,5000001,0,0,0,0,0
ericzhang98,122410,0,592,142,329,121
user7770A,5000001,0,0,0,0,0
Indomitus,8641,35,1370,415,783,172
zjjzjw,5000001,0,0,0,0,0
istiak227,5000001,0,0,0,0,0
lukewu28,308123,132,371,116,180,75
mymelochan,575340,1,242,39,82,121
linyz1880,2961481,0,33,19,14,0
pseudouser,1235997,2,118,31,60,27
ferrarima,49110,3,833,201,457,175
deepak022,45361,35,855,235,464,156
idulocub,5000001,0,0,0,0,0
R3mix,2253,0,1900,508,998,394
JeffreyLC,2098,13,1934,490,1045,399
pmaniar,1627278,0,84,35,44,5
sumon_1212,638202,0,223,52,113,58
medmdg,283866,0,390,230,112,48
MdAbedin,3807,19,1667,506,895,266
shuba400,100255,0,644,143,324,177
hanshaohey,2515455,0,44,13,24,7
cai_lw,3014,58,1756,439,925,392
spencerpugh,3297738,0,27,10,17,0
AnujJadhav,6791,389,1454,330,806,318
RadianceSheep,62892,0,765,192,413,160
0o0lilwvw,257349,-2,412,76,247,89
dposavljak,1365059,0,105,43,61,1
asiad,148303,2,544,148,286,110
wery0,39229,66,896,242,434,220
igzatino,3457063,0,25,7,13,5
mos_dev,5000001,0,3,1,2,0
greyanubis,5000001,0,0,0,0,0
skywalkert,47,8,3687,903,1914,870
pat1115,5000001,0,0,0,0,0
q8skkOOXdx,2031950,0,62,12,30,20
shubham_1516410268,3840415,0,20,14,6,0
Sd-Invol,253452,0,415,102,228,85
nguyenquocthao00,1443,107,2121,485,1127,509
wangyisong,1993468,0,63,13,34,16
face4,883696,0,167,51,85,31
zhantons,202471,0,468,113,259,96
anh_tai,4043,4,1645,413,854,378
mamil92,5000001,0,1,1,0,0
twsleung,4426,0,1611,448,908,255
Dear_starboy,5000001,0,0,0,0,0
robezh765,2661694,0,40,5,17,18
daniel25,3721306,0,21,15,6,0
jt3698,9907,56,1322,354,733,235
subham4off,1261534,0,116,29,54,33
dingding1129,91873,0,665,138,341,186
omhari,2652,42,1820,451,1002,367
luxcaelestis,5683,4,1518,411,800,307
walkers7,5000001,0,0,0,0,0
chalowis,5000001,0,0,0,0,0
arayi,111313,29,617,185,341,91
manardamani,5000001,0,0,0,0,0
St3ph3n92,5000001,0,0,0,0,0
Ivan_len,125539,3,586,152,318,116
PankajGhodla,2055,0,1944,531,1067,346
mangoqwqfanclub,3345389,0,27,7,13,7
scanhex,404767,0,312,79,146,87
titana,41725,0,879,293,459,127
sevenkplus,1872564,0,69,15,37,17
zzzing,5000001,0,4,3,1,0
markxyb,58423,13,785,219,398,168
zhangsw1412,376466,0,327,143,179,5
ntp915619,3566418,0,23,16,7,0
nhan43,139025,2,560,168,308,84
beet,328999,153,356,96,189,71
wingflier,4107463,0,17,16,0,1
rastsislau,47552,0,842,206,461,175
ohwell888888888888888888888888,8862,142,1360,262,753,345
tanriol,121668,31,594,151,340,103
Lakshaysk,24097,124,1040,178,526,336
zhongzh13,19972,29,1096,204,608,284
z1bbo,1634,9,2053,678,1034,341
dartvolley,834656,40,177,46,95,36
physics0523,414443,1,307,74,155,78
SabineRounds,5000001,0,0,0,0,0
shogunpang,1602445,0,86,11,42,33
hehaodele,292829,0,382,93,197,92
inversionpeter,1061,32,2286,662,1185,439
zsq007,48,412,3694,871,1950,873
BrehamPie,41750,431,878,487,325,66
nicholask_17,48831,0,835,246,456,133
lachy_136,5000001,0,4,1,3,0
pahari,5000001,0,0,0,0,0
taran_1407,39105,10,893,204,506,183
fluffyunicorn1125,11321,133,1278,353,698,227
MurmurZhao,3726315,0,21,17,3,1
hamlet_fiis,58892,1028,783,219,414,150
ElliottFaa,54328,2,806,152,445,209
samueljin,5000001,0,1,1,0,0
homedir,580178,0,241,56,131,54
push_xor_fold,3855,0,1663,345,811,507
Airbenderboy11,5000001,0,2,2,0,0
underflow_,749106,0,195,58,107,30
pikachu101,1338998,0,108,27,53,28
torobrav0,3992599,0,19,2,11,6
pandix73,31929,0,956,243,496,217
sqqqqqq,5000001,0,9,2,6,1
keenantholloway,5000001,0,0,0,0,0
txingml,2819,0,1788,455,941,392
wisest,3299,109,1721,431,889,401
Athumati,5000001,0,0,0,0,0
yeahbennou,983242,0,151,25,72,54
Reddi-twelve,113198,2,613,135,333,145
ryanwong0127,1561,0,2080,456,1087,537
SlavaSSU,1225891,0,119,24,64,31
viraaj,2036624,0,61,18,36,7
xc9pd,5000001,0,0,0,0,0
ssk4988,104356,0,633,145,359,129
kFxD1j2qaE,2772561,0,38,6,21,11
lzn,1422927,0,100,25,54,21
liyangzi6p626,24130,0,1040,240,549,251
Pjs,5000001,0,0,0,0,0
noicht,5000001,0,0,0,0,0
superluminal,1786,76,2012,524,1078,410
mhwg,191839,25,481,117,250,114
jasontsang,5000001,0,1,1,0,0
danielyann729,5000001,0,0,0,0,0
yellowtomato98,600687,0,234,65,118,51
perry304,11500,126,1272,262,675,335
nafizcs,1364404,23,106,21,57,28
xy12138,1973342,0,64,39,23,2
tossaway1,5000001,0,0,0,0,0
4dalols,279910,4,393,96,215,82
Benthebeastman,13605,32,1217,423,638,156
astroash,5460,697,1532,413,873,246
buhiroshi0205,652504,3,219,51,117,51
hocln,49786,0,830,242,487,101
tungghun22,11136,0,1283,318,725,240
yousefokasha12,5000001,0,0,0,0,0
ios_zhangchao,577455,0,241,130,91,20
kamal109,5000001,0,0,0,0,0
dezhonger,788,1,2456,602,1254,600
Wizard_of_Orz,10513,2,1302,296,636,370
happyleetcode,5367,1113,1538,357,842,339
maximyus,14147,2,1204,489,590,125
zx2020,14466,1,1196,295,606,295
katcibo,5000001,0,0,0,0,0
sreeshmaheshwar,246198,3,422,126,226,70
never_get_piped,215884,1853,453,79,246,128
jerryxu20,9619,0,1333,347,722,264
testdes,5000001,0,2,1,0,1
h_bugw7,1513,11,2095,621,1048,426
worcester_,683102,174,211,51,112,48
adio3012,3738898,0,21,15,6,0
Marvel_97,161330,0,524,168,271,85
zhaoyuanhuo,2037322,0,61,8,45,8
NatapongS,1472336,0,96,26,51,19
nnayak3,5000001,0,0,0,0,0
lkh1018,10617,69,1299,334,704,261
Reshma123sekar,5000001,0,0,0,0,0
bigelephant29,117765,0,602,151,366,85
flyinglemonjx,1253,1,2202,644,1218,340
vijaykatari23,67242,2,748,209,407,132
MKLOL,136079,103,565,148,290,127
sachinmakasana,5000001,0,0,0,0,0
chitukula,5000001,0,0,0,0,0
VeritasVelata,844,0,2423,644,1255,524
mycoolhairison,724,18,2503,789,1266,448
Safari1291,1658967,3,82,22,47,13
Ronak_Ramuka,9115,18,1351,328,799,224
fatezero5262,5000001,0,0,0,0,0
moransky,1900295,0,68,14,35,19
Xuderian,977,0,2342,661,1179,502
soumyadeep_pal_21,253776,0,415,60,202,153
davidcarr3ra,1753180,0,76,25,51,0
dkasd_12,3055500,0,32,8,14,10
IHaveNoEnemies,432153,13,299,41,148,110
W2kU0NavvO,1130483,1,131,29,69,33
Rucha1995,4621187,0,13,10,3,0
ycdragon3223,3066114,0,31,21,8,2
AhmedEzzat,245007,0,423,117,216,90
alan8585,501848,0,268,60,146,62
ymh_only_jj,5000001,0,0,0,0,0
tunt6,5280,9,1545,407,887,251
PandaHi8080,5000001,0,0,0,0,0
huizew,20913,0,1081,296,605,180
Usain,32926,2,947,241,505,201
aropan,212029,37,457,96,189,172
coder206,4102,2005,1640,412,867,361
Shiv_99,5000001,0,8,8,0,0
EmZie,578363,0,241,58,126,57
nlmdat,3565339,0,23,15,8,0
sharath101,288200,20,386,101,215,70
windbbt,30794,0,967,163,633,171
hashpointer01,1949785,0,66,17,36,13
giantcheeseguy2,1915323,0,67,17,31,19
jozz,452229,22,289,70,181,38
lime2048,5000001,0,1,0,1,0
yuanzwan,9190,4,1348,283,780,285
betinatan97,5000001,0,0,0,0,0
boAshraf,26796,0,1009,275,545,189
virajchandra51,799140,-2,184,44,97,43
rajaditya061,749544,0,195,51,116,28
kashsuks,72583,20,728,179,404,145
audreyjin,1660355,0,82,9,67,6
AgneyK,12010,0,1263,287,677,299
groupbuilder,13849,0,1210,307,630,273
gnocuil22,510108,0,265,65,130,70
l33tcod3r69,134614,0,568,176,335,57
Tlatoani,203467,0,467,122,239,106
wzc1995,30464,19,970,221,518,231
LarryNY,143,1570,3167,741,1667,759
reincarnation4,2571702,0,43,11,22,10
raincoat911,153,6,3140,747,1629,764
timothygao8710,623534,19,227,71,118,38
kaySF,344276,0,346,119,209,18
Adindva,5000001,0,1,0,1,0
Ayushi_Tyagi,366550,0,333,205,122,6
BelgianSalamander,204503,0,466,184,199,83
balajiap,5000001,0,0,0,0,0
ShellYi,5000001,0,0,0,0,0
SBofGaySchool,39349,0,895,227,493,175
tushargarg,19284,57,1107,382,604,121
kajal9306,196484,0,476,138,265,73
dj3013158,2181,0,1915,408,1017,490
hzxaskwhy,5000001,0,0,0,0,0
zhanghaotian19,4748,1,1585,331,877,377
JaniceM_2020,5000001,0,4,1,3,0
himphen,4030283,0,18,11,7,0
18o3,76090,268,715,246,352,117
jingyunfan,5000001,0,1,1,0,0
hanerli,5000001,0,0,0,0,0
yxy_4718,877804,198,168,49,100,19
kongweiqing,5000001,0,0,0,0,0
szp14,258,390,3004,723,1544,737
user0078M,5000001,0,0,0,0,0
NotImplemented,306,60,2940,614,1602,724
bobogei81123,145122,0,549,136,306,107
thhsu,1866,1,1992,496,1073,423
kotlinc,5000001,192,0,0,0,0
leetgoat_dot_io,308,1233,2937,809,1547,581
saranyaks,263838,1,406,113,249,44
samad_987,7205,10,1433,248,747,438
hactrox,5000001,0,1,1,0,0
ashishtiwari05032002,114801,0,609,188,301,120
jojo_007,2578730,0,43,10,23,10
hankchang805,396808,0,316,82,207,27
asifeduinfo,5000001,0,5,5,0,0
hansen111,13671,0,1215,350,660,205
ace_Coder121,17740,0,1134,259,603,272
echeresh,19348,0,1106,223,522,361
dl3182,771,341,2466,646,1372,448
RJMCMC,1192,151,2225,567,1169,489
samliu12,65188,0,756,223,397,136
kyriakis,5000001,0,7,4,3,0
_priyanshu_101_,83546,3,693,88,336,269
markshi07,176666,0,502,182,293,27
Daegalus,5000001,0,4,3,1,0
HaKu,32597,5,950,279,533,138
Homie_Lander7,52166,19,817,228,404,185
InO2,1311008,0,111,9,60,42
xmentex,38897,1,899,260,473,166
RopoC,64517,0,759,220,412,127
ssb_nsk99,674243,0,213,98,100,15
WaitDumplings,8334,0,1382,445,817,120
zyxwvu164,1292132,0,112,26,55,31
fextivity,4366741,0,15,4,8,3
choon_hean,382989,0,324,87,176,61
Antagonist_378,870954,3,170,44,91,35
Tonymontaro,2448,54,1858,569,923,366
balakrishnan_v,1953,39,1968,445,943,580
Rohit2593,21781,3,1070,229,630,211
lz437,175490,0,503,117,251,135
xtg,4480767,0,14,14,0,0
rickytheta,3238337,0,28,7,18,3
smyxh3,5000001,0,0,0,0,0
harshrk,5000001,0,0,0,0,0
edorundo,1716636,0,78,19,38,21
lkm_leetcode,1216,0,2216,627,1166,423
debajyoti123,137202,0,563,163,305,95
kanucool,6193,343,1487,244,809,434
etlowelo,9629,0,1333,395,728,210
leet0004,394580,0,317,87,177,53
invertedwinger,323811,0,360,79,211,70
henry15,636870,0,223,70,128,25
sllamart,5000001,0,0,0,0,0
masayang,625855,0,227,99,107,21
linty6505,5000001,0,1,0,1,0
jzhsh1735,4621,0,1595,381,805,409
Amiy2908,66907,0,749,164,385,200
alpha_null,349350,1,343,81,176,86
mzchen,1471,9211,2103,648,1074,381
pruning_base_case,64135,3,760,198,397,165
tom0727,119675,1330,598,190,332,76
Mip182,437891,0,296,83,172,41
arun_chintala,2739944,0,38,8,26,4
hp2104,41091,0,883,206,473,204
rahul_tripathi1234,3486412,0,25,6,13,6
mell,5000001,0,3,3,0,0
erenaltunoglu,26676,0,1010,304,547,159
andy-wa,608984,0,232,37,112,83
jyjd6404,1576431,0,88,69,19,0
user0805fI,5000001,0,10,4,4,2
adamjamessoto,5000001,0,0,0,0,0
brook6649,5000001,0,3,1,2,0
clbgw,5000001,0,0,0,0,0
glvv232,71618,0,731,228,387,116
StepanSkorobogatko,5000001,0,3,3,0,0
dong-zh,3577293,0,23,14,8,1
kwrefs,1568052,0,89,18,51,20
r-tanner-f,5000001,0,4,2,2,0
jason189155,5000001,0,1,1,0,0
markreinbolt,5000001,0,4,1,3,0
arunkurali,152535,0,537,142,328,67
x____x,217,6,3061,753,1606,702
moonpie24,995784,5,149,42,82,25
YHLee_HK,30795,0,965,261,539,165
Xrovira34,5000001,0,0,0,0,0
joylintp,35801,0,921,247,490,184
chianwooigoh,5000001,0,0,0,0,0
zhaozhaoqueue,1701597,0,79,28,51,0
vutsal,2357787,0,49,30,18,1
vitaliius,3234406,0,28,24,4,0
donnod,1139,0,2250,577,1178,495
JimmyP7,5000001,1,4,2,1,1
detcitty,5000001,0,0,0,0,0
yzyzhang,5000001,0,0,0,0,0
mohit_87_,5000001,0,0,0,0,0
ayushkumar980,3060960,0,32,5,19,8
zipei2124,248149,0,420,175,199,46
l_returns,132454,50,572,156,287,129
cs2022spring_ivatopuria,996988,0,149,40,71,38
ljames,5000001,0,0,0,0,0
cferdig,5000001,0,0,0,0,0
dabbu_derek,39327,0,896,234,491,171
tuliof210,5000001,0,0,0,0,0
yu-jianfeng,5000001,0,4,3,1,0
jcoves,16653,8,1152,286,635,231
tianyichen,278062,0,394,97,220,77
sayan-feb27,1916368,0,67,48,17,2
gopoma,505256,0,267,62,126,79
la_castille,5492,31635,1530,648,700,182
loodv002,3469,1,1702,468,926,308
NaitikPatil,145888,0,548,147,297,104
niuxiaohao,1668812,0,82,15,43,24
veraci,3498906,3,24,10,10,4
prashantdhaka666,592164,3,237,64,128,45
NerdyCoder,1764,0,2017,392,1079,546
shahshariq,5000001,0,6,4,1,1
urverymean,1579008,0,88,20,41,27
user8195E,311731,0,368,119,221,28
AL_Qiswa,18455,0,1122,360,583,179
zhongqc7,5000001,0,0,0,0,0
priyankat,5000001,0,0,0,0,0
aayush_chhabra,741,520,2487,627,1310,550
leehuahong,5000001,0,5,2,3,0
BobKingJin,3730515,0,21,7,13,1
alu097,141999,0,555,166,295,94
raynor30,3488,40,1700,440,920,340
KrishnaHarsha,5000001,0,2,0,2,0
michaelblack,5000001,0,0,0,0,0
yuyuchien,5000001,0,0,0,0,0
hidanom,76085,0,715,29,52,634
ritwikgupta20198,1534355,0,91,46,42,3
foobar_withgoogle,50623,14,825,135,444,246
tiankonguse001,188608,458,485,160,249,76
azukun,580241,0,240,68,129,43
Nikitosh,484731,0,275,70,163,42
jeeadvanced,423203,3,303,58,152,93
Halleld,4642516,0,13,8,4,1
HapCapy,5000001,0,8,1,4,3
howardgy123,5000001,0,0,0,0,0
kuannoodle,406,27,2791,675,1489,627
realnoname,7992,0,1394,293,819,282
FreeMem,331719,0,353,97,198,58
GoGuru,1296404,92,112,22,67,23
dj2014,4463,9,1608,452,968,188
mczhuang,749936,1,195,49,103,43
tin_le,148,2816,3160,861,1681,618
sola147,5000001,0,0,0,0,0
minhquanym,732354,0,199,66,98,35
TheAlgorithm,8798,50,1363,436,740,187
cranberry128,1534482,2,91,32,43,16
user1694my,5000001,0,1,1,0,0
Decision,127,88,3233,747,1703,783
emacsnw,1147807,0,128,96,30,2
user9508o,5000001,0,5,5,0,0
ftc,1124442,0,131,54,73,4
skd09,766556,0,191,99,89,3
user6144m,134561,0,568,133,333,102
Amarsanaa,28793,21,987,289,488,210
jiangjinjinyxt,2014,12,1954,419,1065,470
Abeed_shaik,56140,21,797,203,431,163
stimsly,180777,0,496,148,274,74
manubittu1986,5000001,0,0,0,0,0
YangZhenjian,12692,14,1239,294,685,260
fgulseren,5000001,0,1,1,0,0
piyush_razz,442529,0,294,86,120,88
25amajety,5000001,0,0,0,0,0
ed_ou,25118,12,1028,201,586,241
garyjhu,2570,0,1835,447,876,512
tanakat01,275,1,2979,754,1526,699
psychological,17855,0,1131,291,622,218
Try2GotReward,581719,0,240,66,143,31
ctnya_8135,97583,2,650,155,364,131
maniana,5000001,0,8,8,0,0
liaozijia,5000001,0,7,4,3,0
jimmychuuuuu,5000001,0,0,0,0,0
tmimotw,6161,75,1489,351,823,315
tsholmes,78653,0,706,179,394,133
shaohuali_cloudminds,5000001,0,4,1,3,0
x372p,7707,645,1406,345,812,249
VehicleOfPuzzle,31,713,3793,925,2004,864
u77,150,0,3147,804,1635,708
ssigurdsson,206034,0,464,110,254,100
the-chenergy,733119,1,199,52,108,39
jacobchen,696995,0,207,62,122,23
Phoenix1369,111975,0,615,163,337,115
samad25ahmed12,1256694,0,116,30,63,23
hoanh,3029,25,1754,433,914,407
luciaharley,3828473,0,20,11,7,2
bufferjjh,22847,24,1055,329,540,186
smd1121,582054,0,240,67,123,50
yuzhang900907,5000001,0,0,0,0,0
tungtinhoctre,5000001,0,1,1,0,0
alex391a,2842,201,1785,455,961,369
okame,5000001,0,0,0,0,0
dv_0101,272562,5,399,134,202,63
Marmaduke,804,37,2449,636,1317,496
xxgj,71019,-3,733,179,423,131
paperclip__,2922374,0,34,26,8,0
loganasr,1506622,0,93,35,55,3
rachanaa_raghuthama,5000001,0,10,9,1,0
LarryNY-Fan,3519996,0,24,6,13,5
ThunderXGod,39830,0,892,235,511,146
ACr0bat,3006528,16,33,6,19,8
annabellevblackwell,5000001,0,0,0,0,0
amandastrack,5000001,0,1,1,0,0
pranjalsingh1702,308169,0,371,82,138,151
lord-chicken,28709,35,988,150,562,276
mgranger,8489,137,1376,396,743,237
xorxteff,5000001,0,1,1,0,0
plevande,6006,0,1498,512,767,219
nehcoah,63075,0,765,179,447,139
limausine,5000001,0,8,3,4,1
nicholasfoocl,932,38,2369,704,1298,367
cd2903,88667,19,674,149,387,138
Lily_6789,5000001,0,0,0,0,0
scotchtape,283807,0,390,102,195,93
kiudkidkid,267745,0,403,169,213,21
VoidSolitary,1766728,0,75,17,39,19
annaroh86,5000001,0,4,3,1,0
brightness77,10491,15,1303,313,768,222
sanicDogg,5000001,0,3,0,3,0
asdf3332,1571442,0,88,18,49,21
jeroenodb,744857,11,196,65,100,31
lil_shady,1557343,0,89,39,45,5
mydeadvictoria,5000001,0,3,2,1,0
timmyfeng,1550562,0,90,29,43,18
Fkaiser7,445067,40,293,92,132,69
yuanguo.huo,3354541,0,26,10,14,2
Yogiswar,5000001,0,0,0,0,0
singlabharat,968550,0,153,41,85,27
Ankit_132,361276,0,336,84,174,78
wakaranai,616569,0,229,44,114,71
zrbzrb1106,2868087,0,35,11,23,1
tlh65,57177,0,793,226,425,142
ironman__3000,1990,3,1961,517,1011,433
satviksr,5124,22,1556,396,895,265
guo_jin_pen_6,5000001,0,0,0,0,0
annashekhawat,201724,753,469,55,290,124
Eason90215,5000001,0,9,3,5,1
JavOliva,1356680,1,106,22,55,29
11Rudy,22106,4,1066,342,583,141
alespher,1358622,0,106,39,65,2
flacohacker,5000001,0,0,0,0,0
santhosh_vardhan,2209673,0,54,20,32,2
laituan245,38703,6,900,288,491,121
Arthur-Chang,3688,4,1681,394,944,343
envyaims,269049,11,402,167,178,57
Lalmaan_Priyanka,5000001,0,1,0,1,0
charizard21,482256,7,276,97,138,41
lym953,12446,3,1246,304,719,223
Anas_Maged,67988,3,745,193,412,140
Monikaj,5000001,0,6,5,1,0
GreeWolf,5000001,0,0,0,0,0
nutty_professor,227543,1,440,107,249,84
asnagra,5000001,0,0,0,0,0
kgh950902,1057000,0,140,30,63,47
shikshrey,617056,0,229,42,94,93
salmaan_gurmani,5000001,0,0,0,0,0
ericshen19555,15102,59,1183,254,641,288
nikasNi,5000001,0,0,0,0,0
CronosXIII,1048252,11,141,48,82,11
nlpwithme,1470854,0,96,71,25,0
zoo30215,7503,205,1416,297,792,327
jdsmith,5000001,0,0,0,0,0
MissOK,5000001,0,0,0,0,0
cwallaceh,5000001,0,1,1,0,0
AirsonVind,5000001,0,0,0,0,0
joshuasia,5000001,0,5,5,0,0
facelessvoid,2887,261,1777,419,970,388
dylanhij,2334,0,1883,475,1107,301
bhavik_11,11319,456,1278,358,684,236
kilnyy,159989,7,525,135,291,99
benmirt,1520850,0,92,24,31,37
Amrharb,8770,7,1364,442,712,210
nakanolab,2563,469,1837,410,1054,373
zombiedub,183012,40,493,121,265,107
Timan123,5000001,0,1,1,0,0
ManasiDholu,2359155,0,49,47,2,0
user5858Fe,5000001,0,2,2,0,0
Shubha_Mistri_100,5000001,0,0,0,0,0
hungt1,214652,0,454,75,229,150
ozquez,5000001,0,2,2,0,0
palayutm,1971638,0,64,16,40,8
sjoin,191259,326,482,121,278,83
joshuaxiao13,282187,0,391,102,215,74
mafailure,64160,5,760,187,384,189
compton_scatter,4624,6598,1595,378,889,328
benlynch321,5000001,0,3,2,1,0
KimTaeyeon,23300,4,1049,275,561,213
wenwenyu,357239,0,339,95,204,40
yuhsiangliu,22131,6,1065,289,608,168
hinak,1483730,0,95,29,46,20
7YEcB7GrWz,3056887,0,32,4,18,10
ltf0501,441946,0,294,71,166,57
Windsfantasy6,1448947,0,98,28,54,16
Uncle_Sugar,5000001,0,0,0,0,0
brenner1,2704025,0,39,10,20,9
ugiknet,774,45,2463,553,1366,544
zzr8847,5000001,0,2,1,1,0
Kode4Fun,5329,4,1541,371,860,310
yunkun,53838,0,808,176,420,212
udh-winger,586647,0,238,79,135,24
tifv,288727,62,386,92,193,101
zjw202X,4114114,0,17,11,6,0
singularterm,5000001,0,8,4,4,0
DeepakSB,5000001,0,0,0,0,0
yangxm,983,0,2338,556,1173,609
gabriel88766,265861,11,405,87,230,88
twoplusthree,348309,0,344,81,198,65
kastin,5000001,0,1,1,0,0
liuyizhu0903,5000001,0,0,0,0,0
Pourush1997,5000001,0,0,0,0,0
rifazhussain97,5000001,0,0,0,0,0
rakkalra,1699491,0,80,12,47,21
freeyourmind,159004,0,527,26,261,240
978749951,5000001,0,0,0,0,0
zwrubel,2268833,0,52,43,7,2
N_E_E_R_A_J,2755,32,1802,459,993,350
bera_474,23125,2,1052,331,599,122
Sargam25,3365737,0,26,19,7,0
rikdutt,14897,12,1187,257,602,328
confirmation_annihilation,706261,0,205,59,109,37
xborui,1784976,0,74,22,46,6
rtmkz,321777,155,361,90,171,100
chrisyeh,5000001,0,0,0,0,0
Fernaodo,5000001,0,0,0,0,0
WillyMelson,5000001,0,2,1,1,0
v3op01,5000001,0,0,0,0,0
kasperyang,1668,8,2043,580,1156,307
shamitpatel,5000001,0,0,0,0,0
Dymonchyk,23666,23,1045,259,598,188
kotamanegi,547923,2,248,64,125,59
bansal01yash,4499691,0,14,9,4,1
anupam_ghosh,1941,6,1971,441,1141,389
hero080,2164,790,1918,602,1000,316
christinaliujy,2559916,11,43,24,17,2
funywoohoo,5809,0,1510,361,855,294
hai_mian_bao_bao,7,641,3836,925,2004,907
nhho,299361,0,377,89,196,92
ashiahakim080,5000001,0,0,0,0,0
lg52931,2586374,0,42,14,20,8
ankangarai,28653,0,989,284,512,193
MameKha,5000001,0,1,0,1,0
jlzuo,1873571,0,69,32,35,2
user4110o,5000001,0,0,0,0,0
yua_mikami_lover,506523,0,267,71,137,59
mukesh.bhandari01,5000001,0,0,0,0,0
danielchandg,12896,13,1234,328,671,235
maggi3wang,5000001,0,2,1,1,0
binsjl,97471,0,650,167,357,126
emily.he,5000001,0,1,1,0,0
icosa,140968,0,556,129,300,127
proper_m,370202,16,331,32,59,240
pedrohlf,213730,10,455,134,254,67
Turkhuu,62964,0,765,240,382,143
broden_miao,5000001,0,1,1,0,0
XADKWVQmtS,102554,0,638,313,260,65
kailam11223,88090,3,676,148,359,169
robinz62,4005,284,1638,449,869,320
plus2047,647,458,2556,649,1328,579
mansigoel16,3175742,0,29,11,18,0
GlobalStart,791902,0,186,36,97,53
MeriamOuerghi,847132,0,174,40,107,27
iamsun0001,5000001,0,1,1,0,0
BZ4jpH2kfx,2694641,0,40,10,20,10
Grumpyghost,3795,1,1669,407,903,359
ishmeal,728738,0,200,47,114,39
colecantcode,12112,157,1256,338,704,214
qinsheng,5000001,0,6,2,3,1
datdtup,674794,0,213,93,100,20
Rpyaram,5000001,0,0,0,0,0
jeffreyhu8,7250,583,1430,369,762,299
petabyte,4528,0,1603,420,972,211
leonardoblanger,807590,0,182,24,104,54
victortao,548955,0,251,62,160,29
x3p2xep2,1523121,0,92,25,48,19
sandeep0825,2359694,0,49,33,15,1
5lipper,266185,0,404,120,207,77
Amlan1234,5000001,0,0,0,0,0
996yyds,3197848,15,29,7,16,6
llicecream,5000001,0,0,0,0,0
vjayakrishna36,4363235,0,15,10,4,1
maxxjq,8121,0,1389,378,774,237
nikhil_dixit_abv_iiitm,43669,12,866,165,576,125
gooooooogle,44582,61,860,156,497,207
singgee210,4923128,0,11,6,4,1
jika_jik,197601,-17,474,135,253,86
viniciuscsreis,1737309,0,77,28,46,3
arulprasath73,3654946,0,22,15,7,0
proggerkz,114670,0,609,230,318,61
sgrargs,5000001,0,1,1,0,0
surajpatel,1875,106,1991,593,1091,307
Wang_qiang,1313081,0,110,35,71,4
jwolf20,2391,0,1868,506,1048,314
101magikarp101,641062,0,222,53,120,49
MagentaCobra,238820,-2,429,124,220,85
HobeXD,4620,0,1596,441,852,303
WJTung,9932,0,1321,315,692,314
farahAmer95,5000001,0,0,0,0,0
psewdo,5000001,0,1,1,0,0
remfzh,81069,0,698,110,385,203
aaronyen,4133,253,1637,335,780,522
nek23,5000001,0,7,7,0,0
Anubhav_Kasturia,4013904,0,18,10,8,0
MvKaio,330671,0,355,91,179,85
enze_zhang,695342,25,208,58,101,49
sadia099,5000001,0,0,0,0,0
Simon_Traub,346552,13,345,85,200,60
xiej,8853,19,1361,333,772,256
ShelkerX,5000001,0,0,0,0,0
sid_jain_26,344748,3,346,91,210,45
SR3mix,751073,0,195,48,89,58
triplem5ds,185748,4,488,152,236,100
AmadeusChan,235010,3,433,91,268,74
david-kwchoi,942285,1,157,96,59,2
kapraran,1670287,0,81,52,28,1
PhoenixDD,5,4156,3836,925,2004,907
peehs_moorhsum,2460866,0,46,13,19,14
kritika_5,5000001,0,0,0,0,0
ghost0fSparta,1194690,0,123,36,65,22
LukeZhang,3906668,1,19,11,8,0
hank55663,7049,2,1440,365,724,351
Vax,606024,0,232,87,117,28
Stanislav_Holdenko,284213,0,389,100,224,65
Aragog,6844,32,1450,326,810,314
apekshabhise,5000001,0,0,0,0,0
flavienbernard09,5000001,0,0,0,0,0
himani9,5000001,0,0,0,0,0
jadrubio,5000001,0,7,5,2,0
scoopy_scoop,599120,0,235,56,130,49
qqwrv,43156,0,869,203,461,205
priya15,5000001,0,0,0,0,0
RsEnts,339672,0,349,66,184,99
srividyasure,5000001,0,2,1,1,0
mikeqiyh,608339,0,232,54,118,60
qdd1999,208079,0,462,121,226,115
Harshit_J12,395680,0,317,69,157,91
Ayanerru,119,155,3268,863,1760,645
Joystick,5000001,0,0,0,0,0
sveng101,78,26,3490,867,1810,813
mighty-mhsl,5000001,0,0,0,0,0
gavieeen,22100,41,1066,229,597,240
firiexp,923714,0,160,47,79,34
mengpq,202335,8,468,105,266,97
Andrew-Angrew,677,7,2535,678,1292,565
shin_718,1098002,0,135,36,78,21
limbennett,9639,7,1332,381,721,230
hieptk,1641,5,2051,376,889,786
rsajith,288215,0,386,107,199,80
BrickByBit,1780916,13,75,19,42,14
yxiong18,5000001,0,10,6,4,0
guskinju2,3020974,0,32,19,13,0
shunley,1748785,0,76,46,30,0
0am,1534269,0,91,23,47,21
TJUTchunlin,5000001,0,0,0,0,0
naranbayaru,142097,5,554,155,310,89
crazymerlyn,2049,0,1945,610,1002,333
atf,3498,21,1699,402,933,364
bojack1,7088,13,1440,345,754,341
kr2748,2583912,0,42,25,14,3
swathi_231,5000001,0,0,0,0,0
abdulrahman27,919905,0,161,46,81,34
Legend_Palash,79285,32,704,165,360,179
hulot,335845,0,352,108,192,52
ChengGf,1272189,0,114,91,23,0
praveenvankireddy,5000001,0,7,3,3,1
hazzler,563602,0,246,133,81,32
benagalloway,5000001,0,2,2,0,0
uwi,1485,21,2104,499,1077,528
EthanM_6626,3709569,0,22,6,8,8
aakshayreddy1995,463414,23,284,139,127,18
mkyang,685,200,2527,662,1328,537
Intellegent,1462961,0,97,32,44,21
qwnjc,2928,0,1771,434,940,397
theabbie,1293,862,2185,533,1145,507
blinkyyy,2172636,0,56,19,26,11
Kabishou,1993258,0,63,19,43,1
ynnekuw,1539,26,2087,536,1130,421
Ram_2001,5000001,0,2,2,0,0
oreo816,949273,0,156,36,81,39
gutsberserker_718,1816,18,2005,446,1078,481
Felerius,67629,0,746,232,391,123
XKTZ,68426,44,743,151,342,250
fclv,1360407,0,106,32,54,20
abz-codes,44734,57,859,228,489,142
dev_akash,5000001,0,0,0,0,0
yash_daga,2018244,0,62,13,33,16
karansiwach360,541840,0,253,54,137,62
NK-,41803,0,878,262,479,137
n124345679976,1710,118,2032,553,1057,422
Dan13llljws,822308,0,179,46,101,32
Aanjaneya24,486174,0,275,71,165,39
vita318,5000001,0,0,0,0,0
zionlouislou,1716757,0,78,57,21,0
xuhr,3102,78,1744,446,909,389
vok8,85700,0,683,215,358,110
thomas-li,106005,0,629,188,304,137
ncutrona,5000001,0,0,0,0,0
nitinraut016,5000001,0,0,0,0,0
meatbag7,5000001,0,1,1,0,0
francoIns,599831,0,234,72,144,18
nevergiveup,118,14,3270,691,1807,772
curiosity-10,170493,1,510,67,235,208
tmoux,235744,40,432,115,231,86
grook83,600031,757,234,68,132,34
Glukua,341118,0,348,83,175,90
tura,2583598,0,42,10,28,4
blackpanther__7,476,11,2699,707,1369,623
arsh_agarwal,707463,0,205,47,85,73
colindestiny,5000001,0,0,0,0,0
first_vil,1426906,0,100,32,45,23
ztxz16,778624,0,188,47,95,46
__declspec,55831,29,798,239,419,140
riantkb,1182532,0,124,31,63,30
wrobertson,5000001,0,0,0,0,0
kmFEFuctmh,3001876,0,33,9,13,11
shreyd01,9534,446,1336,356,790,190
dk_sensei,56933,33,793,205,443,145
hjcafaro,116995,0,604,226,293,85
cm_komi,317919,0,364,130,195,39
Res1StAnce7,16523,126,1155,337,653,165
ceaxyz002,747409,0,196,26,104,66
shufeishu,106003,8,629,248,329,52
wcwswswws,1623,1,2058,475,1130,453
bm3333,5000001,0,0,0,0,0
ankit-aro,5000001,0,8,3,5,0
Hexadecimal,578,216,2610,669,1390,551
harshal_02,39722,0,893,317,430,146
MagicERP,5000001,0,1,1,0,0
pr3pony,255847,1,413,100,225,88
SleepyJie,537196,8,255,77,128,50
nicolasalba,784797,2,187,55,93,39
hellinkg,1544939,0,90,50,38,2
gerwang,806751,0,182,50,95,37
justDummy,71163,5,733,162,419,152
wtf69,49882,17,829,193,448,188
sawarad,1789248,0,74,39,33,2
cbesalke,5000001,0,5,4,1,0
jl1230,4377,11,1616,333,839,444
ougato,5000001,0,0,0,0,0
nirvana_rsc,497,123,2681,655,1417,609
devinveins,5000001,0,0,0,0,0
Siddhant_Deshpande,5000001,0,0,0,0,0
CyprienH,314586,16,366,81,191,94
TheodoreGossett,21114,145,1079,149,399,531
waseem321,5000001,0,0,0,0,0
finite_automaton_enthusiast,37355,0,911,84,247,580
donbasta,445,7,2742,730,1436,576
oliver_aarnikoivu,5000001,0,0,0,0,0
ruiii,5000001,0,0,0,0,0
CuteTN,11528,198,1272,208,504,560
Supriti_Vats_11,543284,5,253,167,70,16
Ethan-ZYF,5711,19,1517,430,809,278
anitarawat,3312546,0,27,26,0,1
kyle551,3936066,0,19,14,5,0
Teslavolt,677696,229,212,107,100,5
netvope,21479,110,1074,285,583,206
Vamsikokku,5000001,0,0,0,0,0
sammyRe,62225,0,768,189,389,190
irmuun,863788,0,171,41,99,31
llcD_K,61413,0,772,180,395,197
wardaddy420,5000001,0,0,0,0,0
ianwong1999,95092,1,656,179,348,129
zxyl,678165,13,212,43,114,55
PiggyHead,296864,6,379,54,146,179
suili,52460,0,815,186,476,153
mihaild,10788,0,1293,332,712,249
thanostheass,5000001,0,0,0,0,0
santatnt,5000001,0,0,0,0,0
sheepforever,43727,0,865,207,433,225
Giraffe_Coder,14783,0,1189,246,679,264
3R1C_,1967,277,1965,519,1057,389
sincereya,3174666,0,29,22,7,0
Vyankatesh1312,5000001,0,0,0,0,0
milescooper27,1948126,0,66,11,39,16
aguang-xyz,71067,4,733,168,411,154
Leobrook,6473,3,1472,416,803,253
tourist_visa,2954467,0,34,8,16,10
ethanrao,838,95,2429,627,1259,543
876pol,1110562,0,133,36,67,30
Jo3kerR,489633,0,273,85,136,52
shihao99,5000001,0,4,1,2,1
Hemloo,2532540,0,44,10,25,9
marekjumbojet,2087,9,1937,417,990,530
calabashbro,5000001,0,0,0,0,0
vanshkunwarji41,32447,0,952,241,537,174
farhod_farmon,1823042,0,72,17,33,22
ishuu__,64319,32,760,150,414,196
zhuansy5,5000001,0,0,0,0,0
lilinini,5000001,0,0,0,0,0
SebyVR,5000001,0,0,0,0,0
mouryasatyam,219425,2,449,137,221,91
nguyenthanhphuongcntt,5000001,0,0,0,0,0
daltao,238594,22,429,98,232,99
nicku5011,1455,7,2115,513,1106,496
Kareem_Elgoker,273097,10,399,148,172,79
bikash034,211817,0,458,114,244,100
ranksvm,1246,0,2201,558,1146,497
changoi,49893,871,829,139,335,355
Lock_My_Cock_Out_SUKI,876,26,2403,266,1393,744
whatjjy2521,4530,0,1603,447,890,266
saika-m,776,0,2463,687,1197,579
megaspazz,1070,1262,2282,574,1196,512
shaletome,43974,1,864,234,488,142
algoboi,24217,9,1038,167,625,246
urimaj,1314,16,2176,528,1200,448
Saitamajwjh,34782,5,932,217,542,173
SuperClash,789969,0,186,61,96,29
sempi2010,5000001,0,1,1,0,0
ryanguorocket,431933,9,299,73,125,101
abhishek612,5000001,0,0,0,0,0
qpwoeirut,152323,0,537,194,279,64
rdiess,5000001,0,7,4,3,0
zhymaoiing,81256,0,697,179,405,113
chuan-chih,283,726,2971,725,1521,725
siousate,1887,23,1979,462,1123,394
squishybanana04,1192842,0,123,28,57,38
hsuan-ting,362530,1,334,84,180,70
enev13,962001,0,154,75,72,7
AshokVengala,5000001,0,4,4,0,0
saeedAde,5000001,0,0,0,0,0
menborong,529261,0,258,67,138,53
weirdsmoothie,1976,141,1963,373,1088,502
user6755R,2291099,0,51,17,29,5
bulbasaurusrex,2388691,0,48,28,19,1
soumyaranjand295,3131515,0,30,24,6,0
mrjoebcarvalho,4792963,0,12,6,5,1
kaq,7175,1,1434,353,744,337
qzane,91486,61,662,156,359,147
ppm2411,573016,3,243,107,95,41
biprodeep_sarkar,5000001,0,0,0,0,0
AjaayS,5000001,0,2,2,0,0
r_d_,465962,0,283,85,161,37
pradeepgkk43,5000001,0,0,0,0,0
adityaraj_09,1722859,0,78,35,35,8
janicethehyper,5000001,0,9,6,3,0
sam_990,81792,9,696,150,403,143
fex8855,5000001,0,1,1,0,0
passionFruitFlower,118859,97,600,159,302,139
jigong_test,1249548,0,117,28,46,43
_CCY_,1029654,0,144,38,82,24
sahasrad,102525,10,638,159,323,156
grantmck,2288384,0,51,36,15,0
mhasan01,97414,76,650,121,250,279
john_winters,5000001,0,0,0,0,0
vodanh9710,32302,1,953,316,490,147
MrPanTA,168989,0,512,129,270,113
megbridge,5000001,0,0,0,0,0
yaroslav-repeta,47941,1088,840,216,479,145
DickLearning,155566,0,532,135,273,124
racsosabe,135612,7,566,157,289,120
user4712XI,5000001,0,0,0,0,0
Tuyixiang,446782,4,292,61,145,86
bitmask_dp,23206,8,1051,302,571,178
FSPINDLE,225275,0,443,125,237,81
JLZ998112,712904,8,204,48,112,44
_kay,229731,0,438,116,225,97
DeltaPavonis,289407,123,385,100,208,77
arknave,337958,1,350,104,192,54
wed_rip,98,0,3388,657,1855,876
nikhil2581,5000001,0,1,1,0,0
bella__ciao,31514,4,960,301,501,158
amazingarya11,5000001,0,0,0,0,0
tushr_129,3833756,0,20,6,8,6
user1030VE,2559095,0,43,29,14,0
Awesom,5000001,0,0,0,0,0
cache_clear,1206811,31,122,24,67,31
forreal101,2057460,0,61,15,32,14
tr1ten,1295,213,2185,495,1090,600
zxd732167208,5000001,0,0,0,0,0
hty50,3544051,0,24,6,13,5
cszclin,3872,0,1661,432,929,300
jlallas384,847126,4,174,50,62,62
shootscorewin99,5000001,0,1,1,0,0
xaphoenix,1545411,0,90,22,44,24
xyzzzzzzzz,10100,9,1315,313,707,295
rishabhv__333,5546,0,1527,375,837,315
youping,5000001,0,1,1,0,0
ROHIT_JAIN123,41633,0,879,238,460,181
shaun001280,273284,0,399,75,219,105
Chelsea_Liu,11630,0,1269,279,623,367
bizworld,5000001,0,0,0,0,0
fcomondro,5000001,0,0,0,0,0
vkgames,1042719,10,142,38,67,37
SUVU01,544,35,2646,724,1435,487
dolamanee6122,199256,0,472,110,222,140
REWFALTQ,38161,8,904,185,528,191
rejudge_thiz,618203,0,229,51,113,65
zhangxing,5000001,0,0,0,0,0
kefaa,24206,0,1039,236,392,411
clcwcxfwf,3670,23,1682,708,873,101
glump1,349,25,2876,698,1511,667
user7338k,95565,0,655,71,202,382
ashish1729,528,644,2656,738,1466,452
19m1racle18,265701,0,405,184,193,28
seryp,8815,16,1362,317,766,279
afakeusername,27165,1,1005,263,565,177
jamesmaa17,590191,0,237,69,164,4
rineeth_d,12174,0,1254,588,496,170
ken_chan,4114386,0,17,8,9,0
user9068ZB,4505706,0,14,8,6,0
rick8rocker,5000001,0,3,1,2,0
AaronGZK,28939,0,986,260,558,168
yugsraval,3836520,0,20,16,4,0
Deimvis,12209,542,1253,289,693,271
d_ananta_,15135,0,1182,336,646,200
sylxjtu,2509,34,1846,457,971,418
reinaldo,5000001,0,0,0,0,0
Shiqi_Lyu,1684902,0,80,15,57,8
aditya_agarwal,2871902,0,35,21,13,1
thedude7181,2424,45,1862,550,1043,269
jskhirtladze,107195,-5,626,126,331,169
